id,artist,title,album,release_date,label,timecode,song_link,apple_music.isrc,spotify.id
6790057285814061057,Pop Smoke,Element,Meet The Woo 2,2020-02-07,Victor Victor Worldwide,00:23,https://lis.tn/Element,USUM72002041,57BGVV6wcyhbn3hsjlqEZB
6881287666340481026,Sigurd Barrett,Pilfingerdansen,Børnesange Fra Sigurds Bjørnetime – Børnemusik Med Sigurd Barrett,2020-07-03,UMG - a MusiCat Kids Release / DR,00:33,https://lis.tn/Pilfingerdansen,DKBKA0201518,1nM60x7ZOBAVVe3ipKxD8b
6881107586830076678,Justin Timberlake,Mirrors,Mirrors,2013-03-13,RCA Records Label,03:37,https://lis.tn/NuTlqf,USRC11300246,6ToFxXRBtl5TJFEyIoYK3f
6649693417590754053,Pascal Letoublon,Friendships,Friendships,2017-09-05,Suprafive Records,00:44,https://lis.tn/Friendships,GBKQU1777771,3S2XkZJH5P3AqYk8ChYsWB
6873639087861942273,Sam Smith,Diamonds,Love Goes,2020-09-17,CAPITOL,00:51,https://lis.tn/rFAFGT,GBUM72002531,5hvwx5i67IwnCkjl9VHkNv
6893870343761496834,LPTHERAPPER,Lmss,Lmss,2018-10-15,AK Noise,00:17,https://lis.tn/Lmss,,
6850266942448683782,Peter Wibe,Only Time Will Tell - Vocal Mix,"Trance Sessions, Vol.12 (The Best in Trance and Dance)",2011-12-08,BELIEVE - Drizzly Records,00:57,https://lis.tn/bzlUl,DEK021177001,6hmpeX3ojcjwZQTDnYb8Hs
249539203825504256,Imagine Dragons,Believer,Believer,2017-01-31,Universal Music,00:59,https://lis.tn/Believer,USUM71700626,0pqnGHJpmpxLKifKRmU6WP
6892161420423596034,The Kid LAROI,WITHOUT YOU,F*CK LOVE (SAVAGE),2020-11-06,SME - Columbia,01:00,https://lis.tn/saUIYf,USSM12006586,27OeeYzk6klgBh83TSvGMA
222500945169997824,Elvis Presley,Jailhouse Rock (Spankox Re:Version - Highpass Radio Edit),Re:Version,2013-01-02,Supreme Media,01:02,https://lis.tn/PTAuh,,
6837446677348027141,Jvla,Such a Whore (Stellular Version),Such a Whore (Stellular Version),2020-06-15,BLVCK CVCTUS,00:55,https://lis.tn/yArrw,,
6907334593603554053,WizKid,Joro,Joro,2019-07-10,Starboy/RCA Records,00:30,https://lis.tn/Joro,USRC11901068,3Yt1ovsh3v3VEzRuhI1TL5
6844542304192088833,Sleepy Hallow,Deep End Freestyle,Deep End Freestyle,2020-04-03,Winners Circle Entertainment Inc / EMPIRE,00:14,https://lis.tn/DeepEndFreestyle,USUYG1305011,0rB91mtiTe3etJ7Q7rABTy
6899533138922670850,Studio Killers,Jenny,Jenny,2013-05-03,WM Finland,00:43,https://lis.tn/Jenny,GBX2M1300001,4JLBDUYSaOMPYND0iWeSWQ
6568746626930871041,Dua Lipa,Blow Your Mind (Mwah),Blow Your Mind (Mwah),2016-08-26,Warner Bros.,02:42,https://lis.tn/BlowYourMindMwah,GBAHT1600302,4C3tERxkeWu2FQ1N9tqc2o
6867335919502936838,Hannah Montana,Nobody's Perfect,Hannah Montana 2 Original Soundtrack / Meet Miley Cyrus,2007-07-09,Parlophone Catalogue,00:05,https://lis.tn/NobodysPerfect,USWD10730703,7c223RltkvhN8wrxIqspM5
6877671671927425798,Xirali-3,Hometown,Morsmordre,2021-01-30,"BELIEVE - Dance House（KH Co., Ltd.）",00:14,https://lis.tn/tQCwVV,,
6724958012198439686,To Dance and Have Fun,Dumb Dumb Challenge Dance,Dumb Dumb Challenge Dance,2021-03-17,BELIEVE - Millennials UK Music Group,00:20,https://lis.tn/aBWEf,,
6893611763158272769,"Bobo Mbhele feat. Visca, Kabza De Small, DJ Maphorisa","iLwa Ntombo feat. Visca,Kabza De Small,DJ Maphorisa","iLwa Ntombo feat. Visca,Kabza De Small,DJ Maphorisa",2020-12-19,New Money Gang,01:34,https://lis.tn/zSBrI,,4Z0x1GkpVkJwIRiy9IZflC
6586947002464996102,LPTHERAPPER,Lmss,Lmss,2018-10-15,AK Noise,00:14,https://lis.tn/Lmss,,
6857905964893440769,Subodh Su2,Maya Bhai,Maya Bhai,2021-01-10,1169775 Records DK,02:38,https://lis.tn/MayaBhai,QZFYX2183729,3qx1biwxvXVtZKKB6kPhxn
6792987346171070465,Elliot Van Coup,Say So (Instrumental Version) [Originally Performed by Doja Cat],Blast Thru Hits vol 2 (Explicit),,IGX,02:13,https://lis.tn/lokts,,
6871457877022739201,Maroon 5,Animals,Singles,2014-08-24,222 Records/Interscope Records,01:05,https://lis.tn/ZjqvMz,USUM71409576,2bL2gyO6kBdLkNSkxXNh6x
6795196970278324998,TypeHeat,Reality Can Be Whatever I Want,Reality Can Be Whatever I Want,2020-10-30,TypeHeat Studios,00:05,https://lis.tn/spGDW,QZNWQ2019063,5SCyfsUaEDRZeaicOxHjWQ
6757175376029435905,Trevor Daniel,Falling,Falling,2018-10-05,Internet Money / Alamo Records,00:14,https://lis.tn/Falling,USUYG1221109,4TnjEaWOeW0eKTKIEvJyCa
6847647314127932166,Pop Smoke,What You Know Bout Love,Shoot For The Stars Aim For The Moon,2020-07-03,Victor Victor Worldwide,01:57,https://lis.tn/WhatYouKnowBoutLove,USUM72013339,1tkg4EHVoqnhR6iFEXb60y
6893119955223546625,Serhat Durmus,La Câlin,La Câlin,2017-04-10,Derin Müzik,00:14,https://lis.tn/LaC%C3%A2lin,TCADI1715361,2nLeVfLE8t3hzHhXkZ6Ez2
6884688837650483970,Roar,I Can't Handle Change,I Can't Handle Change,2010-03-14,Felt Forest Records,02:10,https://lis.tn/ICan%27THandleChange,USHM81020595,0I1eFRytp4XRhLCjT6tZm7
6757035844780967938,MC Madan,Palhação do Mal,Palhação do Mal,2019-11-08,KondZilla Records,00:14,https://lis.tn/Palha%C3%A7%C3%A3oDoMal,BXKZM1900417,75KNSYO7VenFa80dKYlvOK
6901020142025984769,dullrainbow,Get Lucky TikTok,Get Lucky TikTok,2021-01-10,2653850 Records DK,00:10,https://lis.tn/GetLuckyTikTok,,
6898035926161689346,Eminem,Without Me,Suicide Squad: The Album,2002-01-01,Universal Music,00:50,https://lis.tn/WithoutMe,USIR10211038,7lQ8MOhq6IN2w8EYcFNSUk
6892365012652854018,Justin Timberlake,SexyBack,FutureSex/LoveSounds,2006-09-11,Jive,03:43,https://lis.tn/xozlts,USJI10600269,0O45fw2L5vsWpdsOdXwNAR
6895372307825707778,Adam Counts,Jingle Bell Rock,Spirit,2016-12-04,Astronaut Music,00:08,https://lis.tn/INCNzM,,
6869403344385870593,Eric D,Savage Days,Savage Days,2018-01-13,ROARIOR,00:37,https://lis.tn/SavageDays,,
6905761514956212994,Jasmin Mary Tadjiky,Bossy 4 (60),Bear Vibes,,Audio Network,00:14,https://lis.tn/Bossy460,,
6847647314127932166,Pop Smoke,What You Know Bout Love,Shoot For The Stars Aim For The Moon,2020-07-03,Victor Victor Worldwide,01:57,https://lis.tn/WhatYouKnowBoutLove,USUM72013339,1tkg4EHVoqnhR6iFEXb60y
6677864212619856641,TroyBoi,KinjaBang,Left Is Right,2017-09-22,UMG - Universal Music India Pvt Ltd.,00:32,https://lis.tn/blfsFr,,
6869575672570891014,Lemon Demon,BRODYQUEST,Nature Tapes EP,2014-03-23,None,00:13,https://lis.tn/BRODYQUEST,,39XE8nnqVZI9WrsFd5STKx
6864247805255469830,Labrinth,Still Don't Know My Name,Euphoria: Season 1 (Music from the Original Series),2019-10-04,Milan,00:43,https://lis.tn/StillDontKnowMyName,USQX91902507,6N22FZs2ZhPBYi3b9XPajV
6530624649733084175,Judubre,Neon,Aura,2020-06-19,M87 Music,01:20,https://lis.tn/WSxjRY,QZHZ42079755,5SNHPRYUlkGWsjecNZZddj
6859447951941831430,David Guetta,"Hey Mama (feat. Nicki Minaj, Bebe Rexha & Afrojack)",Listen,2014-11-24,Atlantic/Parlophone,01:09,https://lis.tn/uaHcV,GB28K1400058,5b2bu6yyATC1zMXDGScJ2d
6714306299397458693,Queen,Bohemian Rhapsody,A Night At The Opera,2011-01-01,Universal Music,04:12,https://lis.tn/BohemianRhapsody,GBUM71029604,7tFiyTwD0nx5a1eklYtX2J
6876997302431615749,Royal & the Serpent,Overwhelmed,Overwhelmed,2020-05-05,WMG - Atlantic Records,00:53,https://lis.tn/Overwhelmed,USAT22002973,5jjZikDrEd0by1o7V3fO4y
6848744596168968965,Hildur Guðnadóttir,Bathroom Dance,Joker (Original Motion Picture Soundtrack),2019-10-02,Watertower Music,00:57,https://lis.tn/BathroomDance,USNLR1900407,4WiqPbWvLbv317E8fB4SJC
6903708868510059269,DanceToTik,"Billie Jean,Boo, F It Up Tik","Billie Jean,Boo, F It Up Tik",2020-12-07,2600909 Records DK,00:19,https://lis.tn/SQsVA,QZNWW2095811,2zFbaEekuLtaDktk3JVudO
6590643178271935238,Meridian Film Music Recordings,Mission Impossible (trailer),Mission Impossibleï¼šThe Disavowed Mixes (EP),,,00:14,https://youtu.be/ofRznuTHCTM,,
6619694802206198533,Panic! At The Disco,The Greatest Show,The Greatest Show,2018-11-02,Atlantic Records,00:14,https://lis.tn/tLPpcw,USAT21811534,0APYlBDN2CGNzXzKbzYlE7
6685871967402199814,Sam Fischer,This City,This City,2018-01-17,Sam Fischer,00:45,https://lis.tn/ThisCity,,
6895453111335291650,Leo Desouza,Ae Le Le Etti Paarthale,Naiyaandi,2021-02-01,BELIEVE - Alpha Digitech,02:29,https://lis.tn/AeLeLeEttiPaarthale,,4ldVkx9qAher31FfTtEkkN
6897902172550613761,CORPSE & Savage Ga$p,E-GIRLS ARE RUINING MY LIFE!,E-GIRLS ARE RUINING MY LIFE!,2020-08-28,CORPSE,00:11,https://lis.tn/cZHtk,QZK6M2028073,7bCfHiRcfUjG0YVVNUL7Ve
6865433946918750209,MC Teteu,Rave Na Praia,Rave Na Praia,2020-02-29,GR6 Music,02:14,https://lis.tn/RaveNaPraia,BXG6R2000139,50YsV2XFugoMrqJK9Ttdly
6908111350099151621,Bandas de Música,Con 15O Tambores (En Vivo),"Bandas de Música, Vol. 2",2019-05-01,Inspirin Music,00:11,https://lis.tn/Con15OTamboresEnVivo,,
6787142896177924097,Vinyll,Coffee for Your Head,Coffee for Your Head,2020-01-28,1219967 Records DK,00:14,https://lis.tn/CoffeeForYourHead,,
6863372347101939714,WhoHeem,Lets Link,Lets Link,2020-08-20,8PETOWN,01:02,https://lis.tn/LetsLink,QMGR32142379,6fMzgFFGzWCwiHMzDzNpp5
6886040556707776514,Edy Lemond;DJ Guuga;DJ Lucas Beat,Oh My God,Oh My God,2020-10-13,Edy Lemond,00:14,https://lis.tn/seJxeM,,0lxmZ4evzbuphwYIj8Kqr0
6876760433446259458,Ander Huang & DJ Kuromi,F Boy,F Boy,2020-08-22,998168 Records DK,00:51,https://lis.tn/FBoy,QZHNC2078374,4GdbPZ01Th4xl7ban4uGaH
6714732185141659650,cults,Always Forever,Static,2013-10-11,Columbia,01:02,https://lis.tn/AlwaysForever,USSM11303912,2enPRFda84VE2wtI8c86Uf
6877070753783630594,Euge Groove,Sunday Morning,Sunday Morning,2009-10-27,Shanachie,02:24,https://lis.tn/bFGsEo,USQY50955573,0LLZhP4xGA3dqCZbLN9LIf
6753986712168319750,MC Rick,Me Jogou no Lixo,Me Jogou no Lixo,2020-07-30,BELIEVE - I. S.,01:06,https://lis.tn/MeJogouNoLixo,,
6900834517766916865,Burimkosa,Bollywood 2 (Instrumental),Bollywood 2,2020-10-15,Burimkosa Beats,00:38,https://lis.tn/ttpwl,QZMEP2055855,4kuStp2UfFyTAdGEFS1LNR
6906466106798623489,Garry Sandhu,Doabey Wala - Refix Version,Doabey Wala (Refix Version),2019-05-24,Fresh Media Records,03:36,https://lis.tn/aPDEI,FR2X41995153,5ArVBb5xcUEYrZFCgqJGrT
6892065351417285382,Noisecontrollers,Whose Plan Is It,"D.Trance, Vol. 81 (Incl. D.Techno 38)",2018-02-16,DJs Present,04:23,https://lis.tn/WhosePlanIsIt,NLH2L1700199,3JcBzuersX79BClSBnISeg
6703219153760684033,M.S. Art,"Eye of the Tiger (Instrumental Version) [From Rocky""]""",Rock Soundtracks (20 Movie Soundtracks in Rock Style),2016-11-15,Art & Science,00:19,https://lis.tn/qGqLT,ITSU11600244,1LneLhMro7BdGIyIjzD9We
6750642513641474050,DJ Vickers,Bad Boy,White Hardcore,2017-11-13,VICKERSMUSIC,00:12,https://lis.tn/NjryCU,,
6859186494620355333,Beyoncé,Crazy in Love,Dangerously In Love,2003-06-24,Columbia,00:15,https://lis.tn/CrazyInLove,USSM10305425,5IVuqXILoxVWvWEPm82Jxr
6883297755284949765,The Black Eyed Peas,Where Is The Love?,R&B Collaborations 2007,2007-01-01,Universal Music Group International,00:19,https://lis.tn/WhereIsTheLove%3F,USIR10311862,3CNqo3gYrfexdrtjFmC9he
6594233508997106433,Deep Chills,Run Free,Run Free,2017-08-17,Miami Beats,01:05,https://lis.tn/RunFree,NLYK91700007,1oIdcFtf58sZbS7QyZQJ2P
6899533138922670850,Studio Killers,Jenny,Jenny,2013-05-03,WM Finland,00:43,https://lis.tn/Jenny,GBX2M1300001,4JLBDUYSaOMPYND0iWeSWQ
6741350433547111169,Prageeth Perera,Oba Gana Mathake,Oba Gana Mathake,2020-08-21,eVi Studios,01:47,https://lis.tn/ObaGanaMathake,AEA0Q2090977,6yaY64BAx9WB1d6NAMPHP9
6890166736776137474,Gourov Roshin,Kisi Se Pyar Ho Jaye,Kaabil,,,00:58,https://youtu.be/RIW25qSaB6Y,,
249980696029483008,Bomfunk MC's,Freestyler,In Stereo,2000-05-22,Epidrome,01:02,https://lis.tn/Freestyler,,47xLbuUdmD03ATrke934S1
222529058650066944,Goldfinger,Superman,The Best Of Goldfinger,2009-01-26,Jive,00:35,https://lis.tn/bmifIE,USMJ19700131,4X3qGigyU6ARi3HP4lWD95
6825315816469662469,Fort Minor,Remember the Name,The Rising Tied,2005-10-04,Machine Shop/WBR,00:21,https://lis.tn/RememberTheName,USWB10502457,6ndmKwWqMozN2tcZqzCX4K
6657098817701251845,Young Fanatic,Shh,Shh,2019-02-28,Young Fanatic,01:01,https://lis.tn/Shh,TCAEC1959602,6iLprfeUnVbUbWOZecTKCC
6892406271707089666,Dj Lucas Beat,ALÔ AMBEV - funk remix,ALÔ AMBEV - funk remix,2020-12-01,iMusics,00:33,https://lis.tn/AL%C3%94AMBEVFunkRemix,,
6799964254343678726,Elilluminari,Perra,Perra,2018-06-15,Elilluminari,00:16,https://lis.tn/Perra,ESA011810055,42Me7m2MabWieh1bxDdjDd
6886011508921289474,Raisi K. the RaisinMan,The Bottom Line ,The Bottom Line,2016-05-06,Self-Released,00:13,https://youtu.be/RlABP6PSrRk,,
6799762234638600193,Kenndog,Drip Like ME,Year of the Dog,2020-03-01,Eastside Records,01:08,https://lis.tn/DripLikeME,QZFZ52017755,5lNsNowjCKqgafSWE7Ie2Z
6886383959240870657,Badshah and Neeti Mohan,Bad Boy,Teri Qasam,2020-03-21,T-Series,01:11,https://lis.tn/nTkkmd,,
6878433202944346885,SAINt JHN,Roses (Imanbek Remix [Latino Gang]),Roses,2020-07-19,"SME - Godd Complexx/HITCO, b1/Effective",03:00,https://lis.tn/tvDql,ZZOPM2002796,2JCOFv3vvv6HIfw7QOqpIz
6881627204535454465,Ummon,Xiyonat,Bu oqshom,2013-10-03,Innovedge Ltd.,00:23,https://lis.tn/Xiyonat,,
6883070152963918593,Udit Narayan,Aisa Zakham Diya Hai,"Judaai Judaai with Shayari, Dard-e-Dil, Vol. 2",1999-12-12,BELIEVE - Venus Music Pvt. Ltd.,00:48,https://lis.tn/AisaZakhamDiyaHai,INV119900858,1fhYCkaSR89YdqVf3Rjjqw
6733070604376737794,Mc Jacare,Senta no Fazendeiro,Senta no Fazendeiro,2019-07-01,Mc Jacare,00:29,https://lis.tn/oOhyVr,QZGLM1950995,1wsL4Lgoo27ETnLt6svbnT
6908543787132324613,LookedatHerFore,despair,April,2020-02-10,Pop music,01:08,https://lis.tn/Despair,,61YwhfTbrjcnczRJKPBAnP
6790815244194154497,ZAYN;SHAED,Trampoline,Trampoline,2019-09-26,Photo Finish Records,01:03,https://lis.tn/Trampoline,QZ47A1900210,1iQDltZqI7BXnHrFy4Qo1k
6773579616230574854,Cele,Tokyo Tech,Tokyo Tech,2019-08-19,Worms Records,04:08,https://lis.tn/TokyoTech,CA5KR1943451,0VS75tL66b01HcL9Si2Q1b
6885394577570679553,Tendesias,Tendencia Numero Uno,Tendencia,2020-12-02,BELIEVE - Tick Social Latino,04:26,https://lis.tn/TendenciaNumeroUno,,
6862052996918954757,La Nevula23 Productor,Ay Mi Pendejo (feat. La Niña23),Ay Mi Pendejo (feat. La Niña23),2020-03-08,La Nevula23 Music,00:09,https://lis.tn/Hibfb,QZFZ62016784,70Ng4dN1FGxrSB6EFNbD0F
6897335231204952837,Run - D.M.C.,It's Tricky,Can't Hardly Wait,1998-05-26,Elektra Records,00:14,https://lis.tn/ItsTricky,USEE10900657,5X0VAhIXRbcnKnZi1k9orw
6881382384315419394,Abraham Afewerki,Semay,Semay,2006-06-01,Negarit Production,01:36,https://lis.tn/Semay,,
6827139849636547334,"Cekay Pellegrini,Wicosanii",On The Move,On The Move EP,2020-06-26,Plastikdrums Records,02:38,https://lis.tn/jfOLPb,,7IkHXMNtx9E0RKczefSbwO
6879777332899498757,Remi Wolf,Photo ID,Photo ID,2020-04-29,Island Records,01:21,https://lis.tn/PhotoID,USUG12001068,0bhciG1J5Mn3aIfPjvHQIe
6863214295757490950,Ricky Desktop,"The Banjo Beat, Pt. 1","The Banjo Beat, Pt. 1",2020-08-21,Affiliate Records,00:14,https://lis.tn/TheBanjoBeat%2CPt1,QZK6L2004258,5O0JIw4YvvTdKlN9l69JFQ
6870021399117941510,Legendary Strawberry Man,Aboriginal,The SaxoDidge Era,2019-12-01,Legendary Strawberry Man,00:44,https://lis.tn/Aboriginal,,
6878360076621908737,Pramoth Ganearachchi;Asanjaya Weerasinghe;Deshan Vilege;Thuwan Inzamam,Saththai Oya,Saththai Oya,2020-09-30,eTunes,01:00,https://lis.tn/SaththaiOya,,3wtmD1lLTKRxlqfadvzvEd
6893282722349976322,Busiswa,Syaya (feat. Zingah & Mas Musiq),My Side of the Story,2020-11-20,Majesty Music Entertainment,01:46,https://lis.tn/aYmOn,ZAOYQ2000011,7c7naIEPW5NW1KoVq7GSx8
6892161420423596034,The Kid LAROI,WITHOUT YOU,F*CK LOVE (SAVAGE),2020-11-06,SME - Columbia,01:00,https://lis.tn/saUIYf,USSM12006586,27OeeYzk6klgBh83TSvGMA
5000000001296853197,Blondie,"Heart Of Glass (7"" Version) (Digitally Remastered '98)",Heart Of Glass,2005-07-05,Chrysalis\EMI Records (USA),00:52,https://lis.tn/MnIsj,,5lQOzJmQladWC4kLQClssB
6732309265052125185,John Wolf,Anymore,Anymore,2018-11-29,John Wolf,01:11,https://lis.tn/FjOFfw,QZES81809298,2PL1IYGU0LUlTE7afYXGF4
6817546286670022657,Ron Jappy,Trouble,Vincular,2020-12-04,Bow Fiddle Records,02:20,https://lis.tn/IBWWkH,UKYX52000001,1TPGnZ7G64Y7fwy6OCyvp8
6878128942629358342,Studio Killers,Jenny,Jenny,2013-05-03,WM Finland,00:14,https://lis.tn/Jenny,GBX2M1300001,4JLBDUYSaOMPYND0iWeSWQ
6804093117843770118,Jawsh 685,Laxed (Siren Beat),Laxed (Siren Beat),2020-04-24,Jawsh 685,01:02,https://lis.tn/LaxedSirenBeat,,
6549010971711525888,TroyBoi,Do You?,Do You?,2015-02-16,Self-Released,00:57,https://lis.tn/DoYou%3F,,
6892161420423596034,The Kid LAROI,WITHOUT YOU,F*CK LOVE (SAVAGE),2020-11-06,SME - Columbia,01:00,https://lis.tn/saUIYf,USSM12006586,27OeeYzk6klgBh83TSvGMA
6865497355236494085,DJ Godfather,"I'm The Ish, In The Mix-Mashup Mix 8","Im The Ish, In The Mix- Live Mash Up Mix",2009-08-10,Secretremixes,04:55,https://lis.tn/lmZZE,USAQB0951429,7bEpo7AYD0ZBGwtrn9vX45
6783518343648348933,Desiigner,Panda (Luca Lush Remix),Baywatch (Music From The Motion Picture),2017-05-05,Universal Music,02:14,https://lis.tn/PandaLucaLushRemix,USUM71700977,6wjoTHhIoHMkzYQR5EkV3T
6871760635693107202,Larm Wolke,Heroin,Brain,2020-10-16,Trippy Code,05:24,https://lis.tn/Heroin,DEKB72052253,1FOWpiFq6nd10a6gZcFo46
6704831357714958338,Mc Arco Íris,Bonde Colorido,Bonde Colorido,2019-06-18,GR6 MUSIC,02:05,https://lis.tn/BondeColorido,BXG6R1900630,59dsHHc0anZv7RcAoHFJli
6787078702082607878,Doja Cat,Boss Bitch,Boss Bitch,2020-01-23,Atlantic Records,01:30,https://lis.tn/BossBitch,USAT21907355,78qd8dvwea0Gosb6Fe6j3k
6904338593632815877,Billie Eilish,Therefore I Am,Therefore I Am,2020-11-12,UMG - Darkroom/Interscope Records,00:31,https://lis.tn/ThereforeIAm,USUM72021500,54bFM56PmE4YLRnqpW6Tha
6817608289770014722,Trees and Lucy,So Fine,Lonely Nerd,2020-04-16,Trees and Lucy,00:23,https://lis.tn/SoFine,QZDA82096715,1ljCdhJ2ZzFIiqTj2MdOQ2
6896165289411578626,Ariana Grande,34+35,Positions,2020-10-30,UMG - Republic Records,02:27,https://lis.tn/34%2B35,USUM72020423,6Im9k8u9iIzKMrmV7BWtlF
6872083959191177218,Robert Harper,Royal Cookies,Ride with Me (Street Beats),2020-08-09,J.PRODUCTIONS,00:22,https://lis.tn/RoyalCookies,,12bk6boVEl4PuCIqpmuDvf
6891293854650174209,Los Del Rio,Macarena - Bayside Boys Remix,Het Beste Uit 10 Jaar Het Foute Uur,2012-07-13,Catalog,00:11,https://lis.tn/GxQzo,ES5109500537,7obdw7ZGr6l1GqSBkFiY11
6894066988063131649,Billie Eilish,Therefore I Am,Therefore I Am,2020-11-12,UMG - Darkroom/Interscope Records,00:39,https://lis.tn/ThereforeIAm,USUM72021500,54bFM56PmE4YLRnqpW6Tha
6883565213174598401,Ritt Momney,Put Your Records On,Put Your Records On,2020-04-24,QuarterZip,00:20,https://lis.tn/PutYourRecordsOn,,
6883297755284949765,The Black Eyed Peas,Where Is The Love?,R&B Collaborations 2007,2007-01-01,Universal Music Group International,00:19,https://lis.tn/WhereIsTheLove%3F,USIR10311862,3CNqo3gYrfexdrtjFmC9he
5000000001322926589,DNA,Sad,Rizoto (Original Motion Picture Soundtrack),2017-10-31,,00:14,https://lis.tn/QlaZpI,,5EgbQZcSyUmJIZ3luX2Brh
6878128942629358342,Studio Killers,Jenny,Jenny,2013-05-03,WM Finland,00:14,https://lis.tn/Jenny,GBX2M1300001,4JLBDUYSaOMPYND0iWeSWQ
6836066840851073797,Iggy Azalea,Kream,Hottest Hip Hop 2018,2018-07-06,Island Records,00:30,https://lis.tn/Kream,USUM71809405,5mu1uv8RmzDkF8foePK5qa
6703219153760684033,M.S. Art,"Eye of the Tiger (Instrumental Version) [From Rocky""]""",Rock Soundtracks (20 Movie Soundtracks in Rock Style),2016-11-15,Art & Science,00:19,https://lis.tn/qGqLT,ITSU11600244,1LneLhMro7BdGIyIjzD9We
6872061043397430017,Centigradz,Ranwan Maldam,Ranwan Maldam,2020-08-10,CENTIGRADZ,03:03,https://lis.tn/RanwanMaldam,QZK6N2027700,3Dlgl52uLMrdaoQtwFldC5
6852801744125036545,Ander Huang & DJ Kuromi,F Boy,F Boy,2020-08-22,998168 Records DK,00:14,https://lis.tn/FBoy,QZHNC2078374,4GdbPZ01Th4xl7ban4uGaH
251002331054444545,Modern Talking,Brother Louie '98,30,2014-10-03,Sony Music Catalog,01:02,https://lis.tn/BrotherLouie98,DEC731400122,1PfzsuRRCPNYp5Jj7oxuuM
6899992523591764737,Kappo,ONE MORE NIGHT (Reggae Cover),Covers For Reggae Lovers Vol.1,2017-08-17,Studio Max Records,02:20,https://lis.tn/umMdo,QMEZE1733459,23qncpI80OYovSXizh4Qca
6888847852731190018,Zach Farache,The Loser,Fatigue,2020-09-26,623596 Records DK,00:21,https://lis.tn/TheLoser,QM2PV1667140,0yTGQpPOgcsS8Xqp5bQO58
6758172399012677634,Jack Stauber,Buttercup,Pop Food,2017-03-25,Plopscotch Records,01:04,https://lis.tn/Buttercup,QMPKX1703669,2mlGPkAx4kwF8Df0GlScsC
6820572894960159494,DJ Moody,Happy Dog,Happy Dog,2021-01-29,Blue Oak Mastering,00:10,https://lis.tn/HappyDog,TCAFJ2176420,6xGFiMqcCJ7wcbH8DYdHRC
6824556194909195013,Ricky Desktop,The Boat Beat,The Boat Beat,2020-05-12,Affiliate Records,00:14,https://lis.tn/TheBoatBeat,QZES92025420,06agGBuAaolKYrIwPyvSVU
6894066988063131649,Billie Eilish,Therefore I Am,Therefore I Am,2020-11-12,UMG - Darkroom/Interscope Records,00:39,https://lis.tn/ThereforeIAm,USUM72021500,54bFM56PmE4YLRnqpW6Tha
6857303633323624449,Lil Mosey;Lunay,Top Gone,Top Gone,2020-07-29,Mogul Vision/Interscope Records,01:36,https://lis.tn/TopGone,,0EgkGFmAdFLkZVtbyGlQRe
6586947002464996102,LPTHERAPPER,Lmss,Lmss,2018-10-15,AK Noise,00:14,https://lis.tn/Lmss,,
6851618436305423109,Stantough,Hips Don't Lie,"Medieval Style (Kind of, but Not Really)",2020-08-06,stantough,00:17,https://lis.tn/KhNeFJ,QZGWW2139741,0ElChzsyMigwWa8thENSZ5
6888322578004445954,Kamillion,Twerk 4 Me,Twerk 4 Me,2018-11-26,RBW ENT,00:41,https://lis.tn/Twerk4Me,,
6821603890530618117,Monte Booker,Kolors,Soulection White Label: 016,2016-06-29,Soulection,02:10,https://lis.tn/Kolors,QM24S1650080,4IOYk6epkzXT38U4ShauZ6
6875389627230915330,Lehambar Hussainpuri,Sadi Gali,Tanu Weds Manu,2011-02-02,T-Series,00:51,https://lis.tn/SadiGali,,1tEto4JrqNmBZFH5uAiYqb
6842883579551255302,DeezTok,Love Story Disco,Love Story Disco,2020-08-11,2308643 Records DK,01:51,https://lis.tn/LoveStoryDisco,,
6881107586830076678,Justin Timberlake,Mirrors,Mirrors,2013-03-13,RCA Records Label,03:37,https://lis.tn/NuTlqf,USRC11300246,6ToFxXRBtl5TJFEyIoYK3f
6894066988063131649,Billie Eilish,Therefore I Am,Therefore I Am,2020-11-12,UMG - Darkroom/Interscope Records,00:39,https://lis.tn/ThereforeIAm,USUM72021500,54bFM56PmE4YLRnqpW6Tha
6558929267751654400,Armin van Buuren,Blah Blah Blah,Blah Blah Blah,2018-05-18,Armada Music,00:54,https://lis.tn/BlahBlahBlah,NLF711805914,1moFkZDqcjQNeXtyoanLHv
6624587684906011397,Ocho Drippin,Fuck It Up,Ocho Season,2018-11-30,MERLIN - Grind Kings Music LLC / EMPIRE,01:27,https://lis.tn/qNzZxn,USUYG1229054,77yKHvTFNzqvX8gXa7uYeQ
6872101055790843906,Iamjuampi,Among Us,Among Us,2020-09-09,iamjuampi,00:54,https://lis.tn/AmongUs,QZK6J2095138,6AfopDriwpgSKhJ32h9pwh
242855113583751168,Bullwinkle Boyz,Hell 2 da Naw,Hell 2 da Naw,2015-08-07,Flexin' and Finessin' Entertainment,01:53,https://lis.tn/Hell2DaNaw,QM6P41532261,
6817166739457984513,ACR,Selfish Desires,"Dance Factory, Vol. 8",2019-02-08,BELIEVE - RNC Music,00:16,https://lis.tn/SelfishDesires,ITS131800097,6malXHdAXWCtM9xpO1zfL3
6809559762707942149,DJ Ertz;Halseyy,Balenciaga,Balenciaga,2020-05-07,DJ Ertz,00:11,https://lis.tn/ogtwwz,,
250835551346647040,Run - D.M.C.,It's Tricky,Can't Hardly Wait,1998-05-26,Elektra Records,00:14,https://lis.tn/ItsTricky,USEE10900657,5X0VAhIXRbcnKnZi1k9orw
6899171882680388353,Headass,Rhythm Thief but Cursed,Rhythm Thief but Cursed,2020-05-06,Headass Records,00:08,https://lis.tn/RhythmThiefButCursed,TCAEW2040209,78HutMlGCBJUIv6ckenQxV
6876512923880065794,Loud Luxury featuring brando,Body (Chus & Ceballos Remix) feat. brando,Body (Chus & Ceballos Remix),2018-06-22,Armada Music,02:07,https://lis.tn/XDoHU,NLF711807064,4PbgoQWHYttOds7qsAsBpd
6848387203412805633,Tech N9ne,Red Kingdom,Red Kingdom,2019-09-11,"Strange Music, Inc",00:24,https://lis.tn/RedKingdom,USZHR1800401,5buj0D6E7rCRFi3xV9STYo
6699935602407639814,Y2K,Lalala,Lalala,2019-06-07,Y2K,00:14,https://lis.tn/Lalala,,
6879459034278267650,Yuvanshankar Raja,"Venmegam (From ""Yaaradi Nee Mohini"")",2008 Top Tamil Hits,2015-06-15,SME - Sony Music Entertainment India Pvt. Ltd.,01:20,https://lis.tn/ldnhM,INS171100414,6Z8oU8xMOie24Cflh2Sw6p
6908114135389604613,Endor,Pump It Up,Pump It Up,2019-09-13,,00:47,https://lis.tn/GVtmhu,GBCPZ1916610,4tcPIwy0UvLYjhXLrMyx89
6810066900878494470,Juan,Bright Low,Music Hot,2018-05-16,Juan,02:45,https://lis.tn/BrightLow,USDY41892663,5ZbmD0Bo2Tyj14sAAmEgbd
6893103367589989122,KAROL G,BICHOTA,BICHOTA,2020-10-23,UMLE - Latino,01:39,https://lis.tn/BICHOTA,USUM72019324,7vrJn5hDSXRmdXoR30KgF1
6733070604376737794,Mc Jacare,Senta no Fazendeiro,Senta no Fazendeiro,2019-07-01,Mc Jacare,00:29,https://lis.tn/oOhyVr,QZGLM1950995,1wsL4Lgoo27ETnLt6svbnT
6763775629209896961,Intense,Sahiba (feat. Simiran Kaur Dhadli),Midnight,2019-11-25,Intense Global Entertainment,01:17,https://lis.tn/JhfiA,,
6871786213045454849,Nêgo Jhá©,Cabaré,O Pai Ta On,2020-09-07,Nêgo Jhá©,00:27,https://lis.tn/Cabar%C3%A9,QZMZ92059272,
6799273364100811525,Shakira,Hips Don't Lie,Oral Fixation Vol. 2,2006-03-27,Epic,00:31,https://lis.tn/HipsDon%27TLie,USSM10600677,3ZFTkvIE7kyPt6Nu3PEa7V
6888503445494433793,Ali Berke,Playstation,Playstation,2020-11-06,Ali Berke,02:59,https://lis.tn/Playstation,TCAFE2084269,74IXMd14CsvX9VvscbJAeB
6811422424131700738,Drake,Toosie Slide,Toosie Slide,2020-04-03,Universal Music,01:02,https://lis.tn/ToosieSlide,USUG12001281,127QTOFJsJQp5LbJbu3A1y
6781074183485917185,Luke Combs,Can I Get an Outlaw,Can I Get an Outlaw,2014-07-01,River House Artists,02:41,https://lis.tn/CanIGetAnOutlaw,TCABY1424550,7vVsDu0gTg6oZtrKy7pXcW
6754751997695625990,P!nk,True Love - Explicit Version,The Truth About Love,2012-09-14,RCA Records Label,00:53,https://lis.tn/uxtdn,USRC11200787,1QNqrsNQ1JVLEwncov3lEY
6894455749469129477,To Dance,Bad Romance Dance Challenge,Bad Romance Dance Challenge,2021-03-03,BELIEVE - Millennials UK Music Group,00:14,https://lis.tn/PJKjf,,
6892447092707478277,Sean Kingston,Eenie Meenie,Eenie Meenie,2010-03-23,Epic/Beluga Heights,01:45,https://lis.tn/Kfstlb,USSM11000625,4vVTI94F9uJ8lHNDWKv0i2
6817705865005516801,El Esca,Chill Beat,R.E.T.R.O,2018-07-17,1892478 Records DK,00:28,https://lis.tn/ChillBeat,QZDA82057367,0UrVRIiop6u0Ozbu56m3Yl
225449738618515456,Fort Minor,Remember the Name,The Rising Tied,2005-10-04,Machine Shop/WBR,01:48,https://lis.tn/RememberTheName,USWB10502457,6ndmKwWqMozN2tcZqzCX4K
6864179215273659141,Kris Kross Amsterdam,Mij Niet Eens Gezien,Mij Niet Eens Gezien,2020-07-24,WMG - Spinnin' Records (Distribution),02:33,https://lis.tn/MijNietEensGezien,NLZ542001176,39X7P5VjmG0zk8efBJL2HD
6888218379384064769,Fernando Velázquez,The Monster Wakes Up,A Monster Calls (Original Motion Picture Soundtrack),2016-12-09,Back Lot Music,02:53,https://lis.tn/TheMonsterWakesUp,USQ4E1602375,1XkvBIOIf4up5aTusU0vf2
6831802826805545733,Bag Raiders,Shooting Stars,Bag Raiders,2010-01-01,Universal Music,00:30,https://lis.tn/ShootingStars,AUUM71001517,0UeYCHOETPfai02uskjJ3x
6879873677379357441,Coldplay,Yellow (favsoundds edit),Yellow (favsoundds edit),,WMG - PLG UK Frontline,00:12,https://lis.tn/YellowFavsounddsEdit,,
6586947002464996102,LPTHERAPPER,Lmss,Lmss,2018-10-15,AK Noise,00:14,https://lis.tn/Lmss,,
6900625560574102273,Jack Harlow,WHATS POPPIN,WHATS POPPIN,2020-02-20,WMG - Atlantic Records,00:04,https://lis.tn/WHATSPOPPIN,USAT22001015,6EK6MRqtfGPjBXHHQGiVjQ
57419989,Aly & AJ,Potential Breakup Song,Insomniatic,2007-10-22,Charisma,00:26,https://lis.tn/PotentialBreakupSong,USHR10723111,11dxtPJKR4E0wlSr0A0t47
6747751045713201926,Nfasis,Tra Tra,Lento (Deluxe Edition),2018-04-27,"1000 Virtudes Entertainment, Inc.",01:00,https://lis.tn/TraTra,,
6882071601928506114,Armaan Malik,Buttabomma - Telugu,Ala Vaikunthapurramuloo,2019-12-24,Aditya Music,00:31,https://lis.tn/ButtabommaTelugu,INA091916753,0dnDTvdUco2UbaBjUtPxNS
6802769872028846853,Fernandinho,Deus Não Está Morto,Deus Não Está Morto,2018-08-17,Onimusic,01:30,https://lis.tn/DeusN%C3%A3oEst%C3%A1Morto,,
6729986126641104897,The Hit Crew,Save A Horse (Ride A Cowboy),Drew's Famous Country Line Dancing Party Music,2017-05-12,UMG - Drew's Entertainment,00:14,https://lis.tn/fvImj,US85C0502287,086Uxc8nfOKFTbs8ey2ddO
6896614115087780610,& Rock Mafia,"My Family (from ""The Addams Family"")","My Family (from ""The Addams Family"")",2019-09-13,MGM Records/12Tone Music,01:08,https://lis.tn/xBzSq,ZZOPM1901367,
6899201623201941506,Menor Nico;O Boy da Seresta,Nega Chegando (feat. Menor Nico),Nega Chegando (feat. Menor Nico),2020-11-27,DL studio,00:14,https://lis.tn/EhCEA,,5XyDFMwY1NTIlkbzcfVyl3
6879039798900837122,MC Rick,Me Jogou no Lixo,Me Jogou no Lixo,2020-07-30,BELIEVE - I. S.,01:03,https://lis.tn/MeJogouNoLixo,,
6885674156831034113,ALEX&RUS,Дикая львица,Дикая львица,2019-07-03,Archer Music Production LLC,00:13,https://lis.tn/dQzky,QM6N21999015,41btOpCqdHf5lBd4KAOcfB
6707931092436994822,Hank Mobley,The More I See You (Rudy Van Gelder Edition) (2002 Digital Remaster),Roll Call,2002-08-15,Blue Note Records,01:28,https://lis.tn/vWzKt,,42iATJYN5S908wQMReeDkV
6898350581761477377,Stef Bos,Papa,Is Dit Nu Later,1990-03-16,Hkm Records nv,00:03,https://lis.tn/mKsZTP,BEJ019000009,6NP6BCW2M2I4vdcnXMAvjl
6881287666340481026,Sigurd Barrett,Pilfingerdansen,Børnesange Fra Sigurds Bjørnetime – Børnemusik Med Sigurd Barrett,2020-07-03,UMG - a MusiCat Kids Release / DR,00:33,https://lis.tn/Pilfingerdansen,DKBKA0201518,1nM60x7ZOBAVVe3ipKxD8b
6888353159023053569,David Penn,Nobody (Club Mix),Nobody (Club Mix),2018-09-14,Defected Records,01:08,https://lis.tn/NobodyClubMix,GBCPZ1814184,5cCN9rD56UsKnruOdi6vT7
6862991398438718214,Jjakoveertien,Bandiet,Bandiet,2020-03-19,14,00:33,https://lis.tn/Bandiet,QZFZ72014310,5bhDU8eO383yOeKFzKHpuD
6877838929601497858,Becky G,Shower,Shower,2014-04-23,Kemosabe Records/RCA Records,00:39,https://lis.tn/Shower,USRC11400866,3DmW6y7wTEYHJZlLo1r6XJ
6877064172996217602,Lil Lightsaber,Crisis,Forever,2019-07-27,Lil Lightsaber,01:23,https://lis.tn/Crisis,,
6803555528145488641,Ty Dolla $ign,Wavy (feat. Joe Moses),Wavy (feat. Joe Moses),2016-03-25,WMG - Atlantic Records,00:20,https://lis.tn/WavyFeatJoeMoses,,70mIuBKGTPrWMwWq9D4F56
6704991063053961218,Andra Day,Rise Up,Rise Up,2015-06-26,Warner Bros./Buskin,03:30,https://lis.tn/Nautvz,USWB11505334,0tV8pOpiNsKqUys0ilUcXz
6650702085941627654,Pascal Letoublon,Friendships,Friendships,2017-09-05,Suprafive Records,00:46,https://lis.tn/Friendships,GBKQU1777771,3S2XkZJH5P3AqYk8ChYsWB
6876860989241838338,The Love Unlimited Orchestra,Love's Theme,100 Essential Hits - 70s,2011-01-21,UMG - Brunswick,00:55,https://lis.tn/xsWYnp,USUMG0000356,4VpLTZ81muzN8ixvIvhmAt
6895338668958042882,Norman Price,Gdzie Jest Biały Węgorz (Zejście),Narkotyki Są Nielegalne,2015-12-03,Gamellon,00:14,https://lis.tn/cuVkQ,,
6894066988063131649,Billie Eilish,Therefore I Am,Therefore I Am,2020-11-12,UMG - Darkroom/Interscope Records,00:39,https://lis.tn/ThereforeIAm,USUM72021500,54bFM56PmE4YLRnqpW6Tha
6707511550623631361,Danny Rousseau,Boer Harms,"Allergrootste Hammond Hits, Vol. 3",2015-08-01,G & G Music,00:14,https://lis.tn/BoerHarms,NLA521502371,3P8N8Y4bq9XSPhfXiGLH5w
6817151919912388610,Iuna Lux,Cigarettes,Cigarettes,2020-10-02,recordJet,00:28,https://lis.tn/iwGngE,DEZC62001620,4OUhSGusMommJU7vq2tyty
6899845337796610817,The Strumbellas,Spirits,Spirits,2015-08-21,Six Shooter Records Inc.,00:14,https://lis.tn/Spirits,CA6MD1500001,7GJ572zvnU94VZVrj5XRtb
6893676519378504453,DDG,Moonwalking in Calabasas (Remix),Moonwalking in Calabasas (Remix),2020-08-20,SME - Epic,00:16,https://lis.tn/iMKWj,CA5KR2079526,7o4gBbTM6UBLkOYPw9xMCz
6847647314127932166,Pop Smoke,What You Know Bout Love,Shoot For The Stars Aim For The Moon,2020-07-03,Victor Victor Worldwide,01:57,https://lis.tn/WhatYouKnowBoutLove,USUM72013339,1tkg4EHVoqnhR6iFEXb60y
6788860787835341573,Bcaizm,On the Block,On the Block,2019-04-03,Big Beat Global,00:03,https://lis.tn/OnTheBlock,QZDA61970638,1ShDbLFgtJ9sbIGAnTIZAG
227302284517642240,Grover Washington Jr.,Just the Two of Us,Jazz You Night and Day,2014-09-22,Prodisc,00:57,https://lis.tn/PXfHNZ,,5H5Efzlv2L0dSimH6QxxgL
6877953658563069954,CORPSE & Savage Ga$p,E-GIRLS ARE RUINING MY LIFE!,E-GIRLS ARE RUINING MY LIFE!,2020-08-28,CORPSE,00:14,https://lis.tn/cZHtk,QZK6M2028073,7bCfHiRcfUjG0YVVNUL7Ve
6901122798375193346,Polo,Angry,Angry,2020-10-19,Polo,00:23,https://lis.tn/Angry,,
6892447092707478277,Sean Kingston,Eenie Meenie,Eenie Meenie,2010-03-23,Epic/Beluga Heights,01:45,https://lis.tn/Kfstlb,USSM11000625,4vVTI94F9uJ8lHNDWKv0i2
6831843160709138433,Kenyi,Up Beat (Married Life),Up Beat (Married Life),2020-05-20,1068105 Records DK2,00:19,https://lis.tn/UpBeatMarriedLife,QZHN42046331,6zIunOWyDLQ6g4IYSwADp1
6880996991170644737,Flume,Never Be Like You,Skin,2016-01-16,Transgressive,01:54,https://lis.tn/NeverBeLikeYou,AUFF01500784,5WI2ltQIdwgzf1SNE76JyR
6716819584231409665,A Boogie Wit da Hoodie,Swervin (feat. 6ix9ine),Hoodie SZN,2018-12-21,Highbridge the Label / Atlantic Records,00:23,https://lis.tn/SwervinFeat6ix9ine,USAT21812918,1wJRveJZLSb1rjhnUHQiv6
6877458262149630721,Pascal Letoublon,Friendships - Suprafive Remix,Friendships (Suprafive Remix),2019-07-26,Suprafive Records,01:22,https://lis.tn/VaQIU,GBKQU1969743,5IGdJ1tbk4YSmoEuzsXjkq
6821712347200097029,Pr. Lucas,Deus de Detalhes,Esconderijo,2015-08-04,MK Music,01:45,https://lis.tn/DeusDeDetalhes,BRMKP1500271,1fofBIhfx2AOJQFQpsdeeq
6902834165562067718,Lil Yachty,Pardon Me (Lil Yachty feat. Future & Mike WiLL Made-It),Lil Boat 3,2020-05-29,Quality Control Music/Motown Records,02:01,https://lis.tn/PardonMe,USUG12001625,1sxGIhaxY8eF52e1TlShSP
6644886305371065090,Fort Minor,Remember the Name,The Rising Tied,2005-10-04,Machine Shop/WBR,00:22,https://lis.tn/RememberTheName,USWB10502457,6ndmKwWqMozN2tcZqzCX4K
6448513875884608270,Pharrell Williams,Happy,Happy,2013-12-16,Sony Music Entertainment,00:39,https://lis.tn/Happy,USQ4E1300686,60nZcImufyMA1MKQY3dcCH
6883297755284949765,The Black Eyed Peas,Where Is The Love?,R&B Collaborations 2007,2007-01-01,Universal Music Group International,00:19,https://lis.tn/WhereIsTheLove%3F,USIR10311862,3CNqo3gYrfexdrtjFmC9he
242816238555561984,Stewart Peters,Rudolf the Red Nose Raindeer,The Ultimate Christmas Party Album,2011-09-28,Outer Circle Entertainment,00:44,https://lis.tn/xXnCO,NLG620474169,6aJFqvlIcSDHMAohHetDpE
6812545347835922434,KBFR,Hood Baby,The Cure,2020-04-03,For Real Ent.,00:26,https://lis.tn/HoodBaby,QZDA62007962,5au5NgWCdev4WeLRB3YEOR
6894066988063131649,Billie Eilish,Therefore I Am,Therefore I Am,2020-11-12,UMG - Darkroom/Interscope Records,00:39,https://lis.tn/ThereforeIAm,USUM72021500,54bFM56PmE4YLRnqpW6Tha
6891026997813414658,David Guetta,Sexy Chick,Ultimate R&B 2010,2010-01-01,(C) 2010 Universal Music Australia Pty Ltd.,00:47,https://lis.tn/SexyChick,,4MKzCHlZvkwJOQRNkdw4zq
6908179113807219462,Peter Wilhousky,Carol Of The Bells,나 홀로 집에 (Home Alone),1990-12-08,Legacy Recordings,00:15,https://lis.tn/MYFbzZ,,4tHqQMWSqmL6YjXwsqthDI
6628474361227512590,Melanie Martinez,Soap,Cry Baby,2015-08-14,Atlantic Records,01:23,https://lis.tn/Soap,,03f7xZmt2wHCIDJBFPK8G4
6872299743939152641,K3,Trouwen,Ya Ya Yippee,2014-07-25,Studio 100,00:27,https://lis.tn/Trouwen,BEY900500071,37Qz85BgJQ0L5QfXNp2AT9
6904496565646330625,James Marley,Changes,Changes,2020-05-08,Inner Symphony,02:36,https://lis.tn/aWqsyt,FR2X42001248,62nlofrycRI6zqTnW01bUM
6866925951322753797,Hollywood Undead,Riot,Five,2017-10-27,WMG - BMG Rights Management (US) LLC,03:36,https://lis.tn/Riot,QMRSZ1701700,1igr912oduAmZQaoGhiADw
6797296414176103174,aarxn,Cancun (Live),Square One,2019-07-26,pee pee poo poo,00:15,https://lis.tn/CancunLive,,
6890293958346279686,Aeileon,No Rock n Roll,The Re-Aligner (Before Christ),2021-03-02,"Free Age Music, llc",03:38,https://lis.tn/NoRockNRoll,,2qAqMQ3KLWYUgCzLplyVIr
6900183924484426498,Fousheé,Deep End,Deep End,2020-07-31,SME - Not specified,00:59,https://lis.tn/FjWigu,USRC12002568,6HlE9t71z9DjGi7KqSyEpA
6873200915009096454,Ricky Desktop,"The Banjo Beat, Pt. 1","The Banjo Beat, Pt. 1",2020-08-21,Affiliate Records,00:14,https://lis.tn/TheBanjoBeat%2CPt1,QZK6L2004258,5O0JIw4YvvTdKlN9l69JFQ
6809559762707942149,DJ Ertz;Halseyy,Balenciaga,Balenciaga,2020-05-07,DJ Ertz,00:11,https://lis.tn/ogtwwz,,
6832618984580335617,Tai Verdes,Stuck In The Middle,Stuck In The Middle,2020-05-29,SME - Arista Records,00:14,https://lis.tn/StuckInTheMiddle,QZHN52001856,4y3BUo2hp0MxylfbUaqRyJ
6878770544225929990,Miley Cyrus,Heart Of Glass (Live from the iHeart Music Festival),Heart Of Glass (Live from the iHeart Music Festival),2020-10-01,SME - RCA Records Label,01:03,https://lis.tn/RhXGs,USRC12003345,5i7ThJfYLAzp2DyZuFpF6j
6889856262515772162,Labrinth,Still Don't Know My Name,Euphoria: Season 1 (Music from the Original Series),2019-10-04,Milan,00:48,https://lis.tn/StillDontKnowMyName,USQX91902507,6N22FZs2ZhPBYi3b9XPajV
6878254513116039938,Henry Lai,Mission Impossible,New Excited Music,2019-07-01,SM 003325 Releases,00:19,https://lis.tn/MissionImpossible,,
6878685996003773190,NF,The Search,The Search,2019-05-30,NF Real Music,01:45,https://lis.tn/TheSearch,USUM71907048,2OKo7g3KfmCt3kyLvUAL0g
6874908968721173250,SVDDEN DEATH,Behemoth,VOYD Vol. I,2018-07-30,Svdden Death,00:34,https://lis.tn/Behemoth,QM24S1824634,4o7Rszx7VVCzrCr1RPlPot
6802865079642490881,La Nevula23 Productor,Ay Mi Pendejo (feat. La Niña23),Ay Mi Pendejo (feat. La Niña23),2020-03-08,La Nevula23 Music,00:44,https://lis.tn/Hibfb,QZFZ62016784,70Ng4dN1FGxrSB6EFNbD0F
6833677044157664005,Konfuz,Кайф ты поймала (Alexei Shkurko Remix),Кайф ты поймала (Alexei Shkurko Remix),2020-05-25,Legacy Music,01:16,https://lis.tn/rprOc,QM6N22017383,5pdSkDomrlRACYeRfCGb4s
6809253705544632321,Stellar,Ashes,Ashes,2020-05-03,Greater Boston Records,00:17,https://lis.tn/bBUtSH,QZDA52012875,3Pj6u2KTgepyyidp5xfbHp
6791523590471682049,Perry Como,It's Beginning to Look a Lot Like Christmas,"The Christmas Collection, Vol. 2",2011-09-22,MERLIN - Pacific Records,00:24,https://lis.tn/RbhNN,,
6905620159784831750,Justin Timberlake,Mirrors,Mirrors,2013-03-13,RCA Records Label,03:38,https://lis.tn/NuTlqf,USRC11300246,6ToFxXRBtl5TJFEyIoYK3f
6835837996332222466,Claire Rosinkranz,Backyard Boy,BeVerly Hills BoYfRiEnd,2020-06-08,2118550 Records DK2,00:14,https://lis.tn/BackyardBoy,QZHN62022495,04F42oEuKrRComYJfJuyVR
6880196625273342722,Serhat Durmus,Hislerim,Hislerim,2018-08-10,Serhat Durmus,01:20,https://lis.tn/Hislerim,TCADT1883474,32Mh7kOCWmNTZgre0cGvCV
6834363320393271298,Elvis Presley,Jailhouse Rock (Spankox Re:Version - Highpass Radio Edit),Re:Version,2013-01-02,Supreme Media,00:14,https://lis.tn/PTAuh,,
6896285439846910721,Pháo,2 Phút Hơn (KAIZ Extended Remix),2 Phút Hơn (KAIZ Extended Remix),2020-12-17,WMG - Spinnin' Records (Distribution),01:21,https://lis.tn/cUKGZ,,
6895731569110158081,Billie Eilish,Therefore I Am,Therefore I Am,2020-11-12,UMG - Darkroom/Interscope Records,00:31,https://lis.tn/ThereforeIAm,USUM72021500,54bFM56PmE4YLRnqpW6Tha
6847294007953869574,Lady GaGa,Applause,Applause,2013-08-12,Streamline/Interscope,00:49,https://lis.tn/Applause,USUM71310271,4YQwNVu6YO9QUzkbwJCSYI
6321531490098219778,Lady GaGa,Just Dance,Just Dance,2008-06-13,Polydor Associated Labels,03:46,https://lis.tn/NydRjT,USUM70807646,2x7MyWybabEz6Y6wvHuwGE
6783518343648348933,Desiigner,Panda (Luca Lush Remix),Baywatch (Music From The Motion Picture),2017-05-05,Universal Music,02:14,https://lis.tn/PandaLucaLushRemix,USUM71700977,6wjoTHhIoHMkzYQR5EkV3T
6841387176773602053,JIDDY,PINK SWEAT$ CLUB,PINK SWEAT$ CLUB,2020-07-13,bbsrecords,00:22,https://lis.tn/PINKSWEAT%24CLUB,,
6852168132677683974,Jason Derulo,Take You Dancing,Take You Dancing,2020-07-22,WMG - Atlantic Records,02:25,https://lis.tn/TakeYouDancing,USAT22004479,59qrUpoplZxbIZxk6X0Bm3
6904262542487538434,The Kid LAROI,WITHOUT YOU,F*CK LOVE (SAVAGE),2020-11-06,SME - Columbia,00:56,https://lis.tn/saUIYf,USSM12006586,27OeeYzk6klgBh83TSvGMA
261493794020196352,OMC,How Bizarre,True Party,2006-01-01,Spectrum,00:59,https://lis.tn/HowBizarre,NZPY09500002,0wJyFu6JHwUoKQN5X3uzVe
6823159626767305477,Savage,Swing,Evolution: Past - Present - Future,2008-12-31,Frequency,00:14,https://lis.tn/Swing,NZDR00400002,31hGVTn7MpHC9vovXIVWfm
6895741981490809602,Zions View,Reason,Since We're Being Honest,2020-09-12,Zions View,00:07,https://lis.tn/AUELQy,QZK6L2029304,3OuYoNzEUoyRaaqRvGTyCi
6860336690548983809,Internet Money,Lemonade,B4 The Storm (Complete Edition),2020-07-31,Internet Money Records/ TenThousand Projects,00:27,https://lis.tn/hzqVpl,QZJ842000368,02kDW379Yfd5PzW5A6vuGt
6717704554927901445,Dbett,Tick Tock,Worlds,2021-02-10,RAGE RECORDINGS,00:43,https://lis.tn/TickTock,QZFZ52109265,67Nl8f9PEvl8EjLitgtbPL
6893427124737280769,MC Mirella,Te amo piranha,Te amo piranha,2017-08-08,WMG - WM Brazil,00:29,https://lis.tn/TeAmoPiranha,BXTV31700300,6YlhauA7Y5oqznubij0iGU
6746993352891189249,Kevin MacLeod,Monkeys Spinning Monkeys,Music to Delight,2014-12-30,Incompetech,01:17,https://lis.tn/PhCwZ,USUAN1400011,02ZiP1bdAONIP5WTI2rxga
6902969733398678274,Mojisola,Pray,Pray,2020-02-07,MojisolaMusiQ,01:46,https://lis.tn/EGtiBy,TCAEP2044938,19Wwfam6qQEdGd2oc2zQ1H
6848387203412805633,Tech N9ne,Red Kingdom,Red Kingdom,2019-09-11,"Strange Music, Inc",00:24,https://lis.tn/RedKingdom,USZHR1800401,5buj0D6E7rCRFi3xV9STYo
6831905658002999298,Synk,XGamesMode,3:20am,2020-05-28,Synk,00:14,https://lis.tn/XGamesMode,QZL382066574,3D1yxdQbwHrNMdFvFsV2Qt
6892406271707089666,Dj Lucas Beat,ALÔ AMBEV - funk remix,ALÔ AMBEV - funk remix,2020-12-01,iMusics,00:33,https://lis.tn/AL%C3%94AMBEVFunkRemix,,
6844610572080794373,Fleetwood Mac,Dreams,Greatest Hits,1988-11-21,Warner Bros.,00:31,https://lis.tn/yoWEUu,USWB19900178,1lbXEepatjRVjoG8pZMtdp
6838581014718122757,"Nega,Dj Juninho 22",Deixa Eu Te Chamar de Mozão,Deixa Eu Te Chamar de Mozão,2020-04-03,Waves Sound,01:03,https://lis.tn/VJklI,BXWVW2000014,2YNG9JeshL9zj6WzcFn63T
6878032658203413254,Olivia Newton-John,Hopelessly Devoted To You,Grease,1998-01-01,Universal Music,02:31,https://lis.tn/uNRds,NLF057890003,5BUq9bdtsm3LWw5laJeJ4R
6885993174821505026,"Mc Jacare, Xand Avião",Comprei um Lança (Brega Funk),Comprei um Lança (Brega Funk),2020-10-30,Som Livre,00:14,https://lis.tn/KnTMy,BXLWP2000101,5w4bWcVBP3cppZToFE8Qtw
6873833392480275201,Various Artists,my life be like,最新热歌慢摇106,2007-08-28,Gotee Records,00:14,https://lis.tn/MyLifeBeLike,,2cGJxXXIBrxMhk2fWUJTLs
6851608429664929794,24kGoldn,Mood,Mood,2020-07-24,SME - Records/Columbia,00:23,https://lis.tn/UorxrL,USQX92003025,3tjFYV6RSFtuktYl3ZtYcq
222549135667752960,Wham!,Wake Me up Before You Go-Go,The Definitive 80's (eighties),2007-12-10,Sony BMG Music Entertainment,01:02,https://lis.tn/UsXLQ,GBBBM8400002,6lXjIRVsn4anV7sBhLBoiX
6878165800604191490,The Funny,Risa contagiosa (comedia),Risa Contagiosa (COMEDY),2020-08-07,Trevol Music,00:10,https://lis.tn/gZMzL,,
6724958012198439686,To Dance and Have Fun,Dumb Dumb Challenge Dance,Dumb Dumb Challenge Dance,2021-03-17,BELIEVE - Millennials UK Music Group,00:20,https://lis.tn/aBWEf,,
6819354979292186625,Diplo,On My Mind,On My Mind,2020-03-05,WMG - Parlophone UK,01:39,https://lis.tn/frOUfA,USZ4V1900134,5lXY6PTuWXOludKy4zDQwM
6456673064683113229,Nero,Promises (Skrillex & Nero Remix),Ultra Dubstep,2013-07-23,"SME - Ultra Records, LLC",03:32,https://lis.tn/AbiBJ,USUS11200874,5TZ1veom6plSGSEeP35sSW
6894066988063131649,Billie Eilish,Therefore I Am,Therefore I Am,2020-11-12,UMG - Darkroom/Interscope Records,00:39,https://lis.tn/ThereforeIAm,USUM72021500,54bFM56PmE4YLRnqpW6Tha
6863575934839031810,Dua Lipa,Levitating,Levitating,2020-03-27,WMG - Warner Music UK,00:51,https://lis.tn/Levitating,GBAHT1901299,39LLxExYz6ewLAcYrzQQyP
6892161420423596034,The Kid LAROI,WITHOUT YOU,F*CK LOVE (SAVAGE),2020-11-06,SME - Columbia,01:00,https://lis.tn/saUIYf,USSM12006586,27OeeYzk6klgBh83TSvGMA
6542954554013518593,DJ FABIAN PALACIOS,Se Prendio la Party,Se Prendio la Party,2018-08-18,DJ FABIAN PALACIOS,01:04,https://lis.tn/SePrendioLaParty,,
6811607649860225798,Adele,Set Fire to the Rain,21,2011-01-19,XL Recordings/Columbia,00:44,https://lis.tn/hLxve,GBBKS1000348,73CMRj62VK8nUS4ezD2wvi
6854006530832943878,Tik Tok,Saitama,Saitama,2020-10-03,Tik Tok,00:09,https://lis.tn/Saitama,,
6896885069655345921,To Ambient,Top Best Cover Of 2021,Top Best Cover Of 2021,2021-02-26,BELIEVE - Millennials UK Music Group,08:37,https://lis.tn/TopBestCoverOf2021,,
6903854187734452993,Rolf Sanchez,Más Más Más,Más Más Más,2020-07-17,8ball Music,00:55,https://lis.tn/M%C3%A1sM%C3%A1sM%C3%A1s,NLZ292000124,28hEtjNvlDhtb38fgXsLRa
6695044619001923585,Mega Tracks Karaoke Band,Stolen Dance (Originally Performed by Milky Chance) [Vocal Version],Stolen Dance (Originally Performed by Milky Chance) [Karaoke Version],2015-02-17,TnT Bass,00:14,https://lis.tn/JSRQG,,
6757198470060214274,Adrian Jonathan,Worship Instrumental (feat. Cody Martinez) (Instrumental),Worship Instrumental (feat. Cody Martinez),2019-08-09,AJM Productions,03:44,https://lis.tn/yYtPL,QZFZ61950642,1ZEwJQbxy02d2P51YuwjEi
6900492823154821890,Jeckyll And Hyde,Freefall,Top 100 Greatest Dance Hits,2011-01-14,Cloud 9 Music,01:23,https://lis.tn/ZPkbtF,NLB860700024,17Ph3lPJTrq5t7esgouyFv
6834817771763796742,Ilan Eshkeri,First Kill,First Kill,2009-11-27,WMG - WaterTower Music,00:25,https://lis.tn/FirstKill,USNLR0900256,0719WVVjAHyB51xofnizll
6784350412385306626,Billy Marchiafava,Ball So Hard,Mainstream Meme,2020-02-28,Billy Marchiafava,00:14,https://lis.tn/BallSoHard,QM4TW2007827,39OrV8RgqQZ5O7LuvewGID
6874228157457746693,Kendrick Lamar,HUMBLE.,HUMBLE.,2017-06-09,Universal Music,02:45,https://lis.tn/phxThy,USUM71703085,7KXjTSCq5nL1LoYtL7XAwS
6795584962016839681,J. Cole,Work Out,2012 Grammy Nominees,2011-07-15,Roc Nation/Columbia,00:16,https://lis.tn/WorkOut,USQX91100802,08AJrzWJWILgewSASbc5xQ
6624471649424575238,Dj Mali,Dale Don Dale,Dance Mix 2005,2005-05-06,,00:13,https://youtu.be/jhr0UEx4rB0,,
6855038614426880002,CJ,Whoopty,Whoopty,2020-07-28,823487 Records DK2,00:14,https://lis.tn/Whoopty,,
6894007490392901633,Lil Nas X,HOLIDAY,HOLIDAY,2020-11-13,SME - Columbia,02:06,https://lis.tn/HhtBfW,USSM12006375,6zFMeegAMYQo0mt8rXtrli
6902540583441550081,Ludmilla,Cobra Venenosa (feat. DJ Will),Cobra Venenosa (feat. DJ Will),2020-07-03,WMG - WM Brazil,00:15,https://lis.tn/RYYFj,BRWMB2000642,15kdyHRNcHSCTRjvHvmqrs
6872860430381877249,Tiësto,The Business,The Business,2020-09-16,WMG - Atlantic Records,00:50,https://lis.tn/TheBusiness,CYA112000624,6f3Slt0GbA2bPZlz0aIFXN
6600596694767766273,Abdul D One,DR BAHIJJA,DR BAHIJJA,2020-11-08,2439720 Records DK,01:16,https://lis.tn/DRBAHIJJA,QZNWR2076719,11X8HBAfqdpbh2u7FhW0Jd
6439562511493630721,Fort Minor,Remember the Name,The Rising Tied,2005-10-04,Machine Shop/WBR,00:20,https://lis.tn/RememberTheName,USWB10502457,6ndmKwWqMozN2tcZqzCX4K
6830698446031162113,Tik Toker Viral,poi poi poi poi,poi poi poi poi,2020-09-07,Fama Style Inc.,00:14,https://lis.tn/PoiPoiPoiPoi,,
6872101055790843906,Iamjuampi,Among Us,Among Us,2020-09-09,iamjuampi,00:54,https://lis.tn/AmongUs,QZK6J2095138,6AfopDriwpgSKhJ32h9pwh
6650702085941627654,Pascal Letoublon,Friendships,Friendships,2017-09-05,Suprafive Records,00:46,https://lis.tn/Friendships,GBKQU1777771,3S2XkZJH5P3AqYk8ChYsWB
6869805336430201601,Michael Jackson,Smooth Criminal (Radio Edit),Michael Jackson: The Ultimate Collection,2004-11-22,Epic/Legacy,01:07,https://lis.tn/lqCRz,USSM19909073,2GVYPY8Sv7U7cJkDFu3Ft1
6816732094497098501,Cooper Beaton,Play Date (Slowed and Pitched) (Slowed),Play Date (Slowed and Pitched),2020-05-01,1712855 Records DK,00:10,https://lis.tn/jrXLp,,
6883802744193387265,NP HEAVEN,The Style Weekend (Remix),The Style Weekend (Remix),2020-11-28,NP HEAVEN,00:57,https://lis.tn/TheStyleWeekendRemix,,
6859790371610691585,Sada Baby,Whole Lotta Choppas,Whole Lotta Choppas,2020-08-14,"WMG - Asylum Worldwide, LLC",00:59,https://lis.tn/WholeLottaChoppas,US39N2000446,6hLZzCS4E7AWo3PRBWy6az
6868391694706952966,Soulja Boy,Pretty Boy Swag,The DeAndre Way (Deluxe),2010-11-30,Mr. Collipark,00:31,https://lis.tn/dUkQCc,USUM71015226,3iEdX4MmQJmhMrm4NxCwsO
6880208924423817990,The Living Tombstone,No Mercy (feat. BlackGryph0n & LittleJayneyCakes),No Mercy (feat. BlackGryph0n & LittleJayneyCakes),2017-01-12,WMG - Ghost Pixel Records,02:04,https://lis.tn/xAShy,QZ4JJ1733855,3tbwKbrgDNjT4JvM4SVAtz
6900478500310960897,Lhurgoyf,Faith Is the Mind Killer,Raw Matters,2020-03-29,1881774 Records DK,03:46,https://lis.tn/FaithIsTheMindKiller,QZDA52058583,3LNjJ22BlPCzvM29eYoIgP
6887182232759388930,Post Malone,Feeling Whitney,Stoney (Deluxe),2016-12-09,Universal Records,02:11,https://lis.tn/FeelingWhitney,USUM71614505,35r28RDot7nPE7y9K9H7l0
6898642849793919746,LPTHERAPPER,Lmss,Lmss,2018-10-15,AK Noise,00:16,https://lis.tn/Lmss,,
6892440979802966790,DeKobe,More Jazz,Left Behind,2017-06-30,DeKobe,00:26,https://lis.tn/MoreJazz,QZ8LD1700350,77m2tidu8xd6KxBjZGc0Md
6586947002464996102,LPTHERAPPER,Lmss,Lmss,2018-10-15,AK Noise,00:14,https://lis.tn/Lmss,,
6865471868833745670,Julia Michaels,Issues,Issues,2017-01-13,Universal Music,00:09,https://lis.tn/Issues,USUM71615691,7vu0JkJh0ldukEYbTVcqd0
6904037223096699650,Ariana Grande,positions,positions,2020-10-23,UMG - Republic Records,00:42,https://lis.tn/Positions,USUM72019412,35mvY5S1H3J2QZyna3TFe0
6876997302431615749,Royal & the Serpent,Overwhelmed,Overwhelmed,2020-05-05,WMG - Atlantic Records,00:53,https://lis.tn/Overwhelmed,USAT22002973,5jjZikDrEd0by1o7V3fO4y
6894007490392901633,Lil Nas X,HOLIDAY,HOLIDAY,2020-11-13,SME - Columbia,02:06,https://lis.tn/HhtBfW,USSM12006375,6zFMeegAMYQo0mt8rXtrli
6811475276887771909,Wintertime,All The Time 2,All The Time 2,2016-10-21,All The Time Records,00:18,https://lis.tn/AllTheTime2,QM8DG1615080,70nCo80jsbSeGtQWiUGajl
6586947002464996102,LPTHERAPPER,Lmss,Lmss,2018-10-15,AK Noise,00:14,https://lis.tn/Lmss,,
6879051993269177090,"Calagad 13, Tewalpitaco, Aÿthør",Agneethpath Battle Break,Bharat Breakz,2018-09-15,Cosmic Tribe,00:16,https://lis.tn/BwXtC,,
6773561662852040706,"Sarah, the Illstrumentalist",Nocturnal Jam,The Next Ten Vol. 1,2019-08-02,Epidemic Sound,00:43,https://lis.tn/NocturnalJam,SE5Q51900547,004OSCpetjM9yvyptALSea
6732309265052125185,John Wolf,Anymore,Anymore,2018-11-29,John Wolf,01:11,https://lis.tn/FjOFfw,QZES81809298,2PL1IYGU0LUlTE7afYXGF4
57419989,Aly & AJ,Potential Breakup Song,Insomniatic,2007-10-22,Charisma,00:26,https://lis.tn/PotentialBreakupSong,USHR10723111,11dxtPJKR4E0wlSr0A0t47
6881287666340481026,Sigurd Barrett,Pilfingerdansen,Børnesange Fra Sigurds Bjørnetime – Børnemusik Med Sigurd Barrett,2020-07-03,UMG - a MusiCat Kids Release / DR,00:33,https://lis.tn/Pilfingerdansen,DKBKA0201518,1nM60x7ZOBAVVe3ipKxD8b
6875952005035100930,SOD,Sealed,Cold Ones,2017-06-27,SOD79,00:45,https://lis.tn/Sealed,,
6586947002464996102,LPTHERAPPER,Lmss,Lmss,2018-10-15,AK Noise,00:14,https://lis.tn/Lmss,,
6897857954524023553,Aslı Demirer,Korkak (feat. Gökhan Türkmen),Korkak (feat. Gökhan Türkmen),2015-11-20,GTR Müzik,02:59,https://lis.tn/fyOPo,TRASC1500007,6CCL22qA0ZfnesFbMLL6rR
6891590512147925762,Lange Frans,Allen voor 1,Allen voor 1,2020-10-14,Lange Frans BV,01:12,https://lis.tn/AllenVoor1,NLN8H2000018,4FYIaYn3dhhfUAHOFQ1hiN
6600546691055618818,Lana Del Rey,Mariners Apartment Complex,Mariners Apartment Complex,2018-09-12,Lana Del Rey / Interscope PS,01:03,https://lis.tn/JqyPr,USUG11801801,74lb6W4xZZvVvhh9fP1lI3
6860578006663318277,Billie Eilish,bad guy (with Justin Bieber),bad guy (with Justin Bieber),2019-03-29,Darkroom/Interscope Records,02:00,https://lis.tn/OzASI,,2Fxmhks0bxGSBdJ92vM42m
6723290326728968194,F.R. David,Words,Words,2010-02-07,Moonlight-mainlight,00:19,https://lis.tn/wkFbcp,FR6V81029402,1HPJOoIVdUPuaebxzMrVaD
250835551346647040,Run - D.M.C.,It's Tricky,Can't Hardly Wait,1998-05-26,Elektra Records,00:14,https://lis.tn/ItsTricky,USEE10900657,5X0VAhIXRbcnKnZi1k9orw
6890631102550002434,LPTHERAPPER,Lmss,Lmss,2018-10-15,AK Noise,00:20,https://lis.tn/Lmss,,
6871801728564595458,Maroon 5,Animals,Singles,2014-08-24,222 Records/Interscope Records,01:05,https://lis.tn/ZjqvMz,USUM71409576,2bL2gyO6kBdLkNSkxXNh6x
6854963753759279105,Morgenshtern,ICE (feat. MORGENSHTERN),ICE (feat. MORGENSHTERN),2020-07-31,Zhara Distribution,00:44,https://lis.tn/ICEFeatMORGENSHTERN,FRX282026285,2E5NGLtMqDmeijWcntP8Ca
6586947002464996102,LPTHERAPPER,Lmss,Lmss,2018-10-15,AK Noise,00:14,https://lis.tn/Lmss,,
6624587684906011397,Ocho Drippin,Fuck It Up,Ocho Season,2018-11-30,MERLIN - Grind Kings Music LLC / EMPIRE,01:27,https://lis.tn/qNzZxn,USUYG1229054,77yKHvTFNzqvX8gXa7uYeQ
6879039798900837122,MC Rick,Me Jogou no Lixo,Me Jogou no Lixo,2020-07-30,BELIEVE - I. S.,01:03,https://lis.tn/MeJogouNoLixo,,
6888102584641456897,Clean Bandit,Solo (feat. Demi Lovato),Solo (feat. Demi Lovato),2018-05-18,Atlantic Records UK,00:50,https://lis.tn/SoloFeatDemiLovato,GBAHS1800328,6kPJZM97LwdG9QIsT7khp6
6880718857137294082,BigDoggy,Muthu Muthu (feat. Master D),Sthuthi,2020-09-16,Death Crow Records,00:23,https://lis.tn/IrWTl,QZK6H2083069,3kMxJ2rfj8i5Y4BRCbl60K
6718973664315869954,Dj Flexx,Down in the DM (feat. Kyle Edwards),Down in the DM (feat. Kyle Edwards),2018-01-15,Scruff & Slim Records,01:01,https://lis.tn/TGGrW,QZARB1818108,2bRs25TmImvXkYlR3mQhkT
6743592439358949378,Sickddellz,Away From You,Away From You,2017-02-27,Lose Control Music,00:44,https://lis.tn/AwayFromYou,NLE801700083,2qaFY0yjgjdYLXcTe7SdWl
6898057025893206785,Вероника Савельева,Богемская рапсодия,Карамболь. Наше все 4. Альбом ресторанной музыки №22,2019-08-30,Русская Изба,01:00,https://lis.tn/dIpSY,GBLPF0238908,5cwIbgbLCnuBe37cGIfkft
6846949173590297350,SAINt JHN,Roses,Roses (Imanbek Remix),2019-09-13,Godd Complexx / HITCO,00:17,https://lis.tn/Roses,RUB421901499,0zLCBJZSiELJf02ucPP9wb
6804890223881816837,Various Artists ,Danza Maozinha,100% Brasil,2009-11-17,,00:59,https://lis.tn/DanzaMaozinha,,
5000000000287592533,Gala,Freed From Desire,DIY Loves 90's Vol. 1,2010-05-05,Do It Yourself,02:14,https://lis.tn/AqojcQ,ITA179700143,3u5N55tHf7hXATSQrjBh2q
201668134401957888,Backstreet Boys,Larger Than Life,Smash! Vol. 8,2000-03-13,Ariola,00:59,https://lis.tn/JZFCkp,,
6722628124875426566,E-40,Choices (Yup),Choices (Yup),2014-10-31,HEAVY ON THE GRIND ENTERTAINME (HT2),00:15,https://lis.tn/ChoicesYup,US4KV1400050,5vIu19A3EEdHgFM4Cba6F4
6786202441231764230,To Dance and Have Fun,Follow Me Dance,Follow Me Dance,2021-03-17,BELIEVE - Millennials UK Music Group,00:18,https://lis.tn/FollowMeDance,,
6650702085941627654,Pascal Letoublon,Friendships,Friendships,2017-09-05,Suprafive Records,00:46,https://lis.tn/Friendships,GBKQU1777771,3S2XkZJH5P3AqYk8ChYsWB
6903879939498478337,Kevin Alisson,Me Vuelves Loco,Me Vuelves Loco,2018-07-23,NG Like Production,01:10,https://lis.tn/MeVuelvesLoco,,
6809427500742101765,Josef Lupo,Slaughterhouse (Original Mix),Sound's of Trakside Audio Vol 2,2013-09-27,trakside audio,00:21,https://lis.tn/nszOh,,0Rq7VpaRXuoqLlDpNQR2rf
6877671671927425798,Xirali-3,Hometown,Morsmordre,2021-01-30,"BELIEVE - Dance House（KH Co., Ltd.）",00:14,https://lis.tn/tQCwVV,,
6851917845979203585,HVME,Goosebumps,Goosebumps,2020-06-12,Lithuania HQ,00:52,https://lis.tn/LRFTYY,TCAEW2040509,20McUFi8KCIVdNDLrkTDuZ
6848462047387060225,Mark Dohner,3 Sum,3 Sum,2020-07-31,Mark Dohner,00:39,https://lis.tn/3Sum,TCAEZ2061358,0QWe786CWm4PVKRdaehQoB
6709407496101955586,Super Sonic Temple,"Theme from ""Vikings"" (If I Had a Heart)",The Ultimate TV Theme Playlist,2020-11-07,BELIEVE - Life Lesson Records,02:14,https://lis.tn/quxnK,,5rU1NmYwt9xjvBsKuwVp0o
6735757810719541250,Groove Delight,San Andreas,San Andreas,2016-10-28,Ent Our House,00:44,https://lis.tn/SanAndreas,ES71G1633735,0SXi5QPtq0xW9UK0TpHdbh
6884400536490199814,Deorro,Five More Hours (Deorro x Chris Brown),Men's Health UK: Ultimate Workout,2015-03-03,"Ultra Records, LLC",00:16,https://lis.tn/tZTqT,USUS11203275,3MOECVkNshqHYTPt5DZcdN
6887996300655069185,CHASE B,For Me,For Me,2020-10-23,SME - Columbia,00:41,https://lis.tn/ForMe,USSM12005332,5XMhppJhtgjkd2SYDklhR9
6836160032401394434,Jason Derulo,Love Not War (The Tampa Beat),Love Not War (The Tampa Beat),2020-11-20,SME - Robots & Humans,00:15,https://lis.tn/CKsuV,GBARL2001440,4Lt6GXGzYsa1tgkv3nGSTm
6732331056294266882,Razvan Mitroi,Summer Vibes,Summer Vibes,2019-02-11,1102447 Records DK,01:23,https://lis.tn/SummerVibes,QZDA61924582,2Zno2LEV84WARqT50KIQ3h
6809253705544632321,Stellar,Ashes,Ashes,2020-05-03,Greater Boston Records,00:17,https://lis.tn/bBUtSH,QZDA52012875,3Pj6u2KTgepyyidp5xfbHp
6763772951264233473,Pharmacist,North Memphis,North Memphis,2019-08-07,1586150 Records DK,00:14,https://lis.tn/NorthMemphis,QZHNC1902102,3UoRLUFPhTSYqhbqSdlf1U
6863594409619999494,Juan,Bright Low,Music Hot,2018-05-16,Juan,02:44,https://lis.tn/BrightLow,USDY41892663,5ZbmD0Bo2Tyj14sAAmEgbd
6856658916722346758,Volac,In A Club,In A Club,2019-08-16,Epic Germany,00:20,https://lis.tn/InAClub,DEE861903105,3LUSxUzJ7wD8N0SeVRLkcR
6872349245601860354,Evill D Zayge,Oya Langin (feat. Aki Vish Hegoda),Oya Langin (feat. Aki Vish Hegoda),2020-10-10,2358796 Records DK,01:16,https://lis.tn/rkwmd,,
6808946944816187394,Brennan Heart,Lose My Mind,SLAM! Dance 1000 - deel 1,2017-09-01,SME - Sony Music Entertainment,00:41,https://lis.tn/CdBKRZ,NLE801200157,4ccJ7dBau4y4sLwiJuFdtg
6889106539748051717,LPTHERAPPER,Lmss,Lmss,2018-10-15,AK Noise,00:21,https://lis.tn/Lmss,,
6888259689558149889,Shammi Fernando,Kalabala Wenna Epa,Kalabala Wenna Epa,2020-10-26,eVi Studios,02:23,https://lis.tn/KalabalaWennaEpa,AEA0D2035403,0pNdzpw9Sa9VBA0ezBXdzA
6885441872689433346,DJ Ertz;Halseyy,Balenciaga,Balenciaga,2020-05-07,DJ Ertz,00:18,https://lis.tn/ogtwwz,,
6850937527428336389,Lil Baby;DaBaby;Pop Smoke,For The Night,Shoot For The Stars Aim For The Moon,2020-07-03,Victor Victor Worldwide,02:16,https://lis.tn/ForTheNight,,3FvHoTnf3WWKLm3lHVNaOI
6890336479709530881,LiSA,Crossing Field,LiSA Best (Day),2018-05-09,Sony Music Labels Inc.,00:45,https://lis.tn/CrossingField,JPE301201741,3mScGCzxiXA9OaHdBeuk7O
6561800027826557967,Eduardo Luzqui単os,I Like It Slowed (Remix),I Like It Slowed (Remix),2020-12-18,Eduardo Luzqui単os,00:13,https://lis.tn/ILikeItSlowedRemix,,7N3AWpme64LhM1P8I6yIZx
6883981933215369989,Ying Yang Twins,Say I Yi Yi,Crunk'd - Mixed & Hosted By Greg Street,2004-05-25,MERLIN - eOne Music,03:10,https://lis.tn/SayIYiYi,USKO10201222,4WQK8xxsBUt0U3yFQORiPS
6838610154679012102,Juan,Bright Low,Music Hot,2018-05-16,Juan,02:27,https://lis.tn/BrightLow,USDY41892663,5ZbmD0Bo2Tyj14sAAmEgbd
6783833309634988806,24kgoldn,CITY OF ANGELS,DROPPED OUTTA COLLEGE,2019-11-22,Records/Columbia,00:18,https://lis.tn/CITYOFANGELS,USQX91902803,6ap9lSRJ0iLriGLqoJ44cq
6783591946041461505,Ashmit,Asli Asli,Asli Asli,2020-06-11,Desi Gangsters,02:52,https://lis.tn/AsliAsli,QZHN62037610,0zQBx9pI0wc6Bps9ym3J3t
6887707383687154433,MG Dhanushka,Hadawathe Kella,Hadawathe Kella,2021-01-20,Desawana Music,00:37,https://lis.tn/HadawatheKella,RUA1H2109213,3XdjHeW6JgrUg9fIJbQTQ4
6763834114169653250,Loubet,Mastiga Abelha,Made in Roça,2016-02-05,FS Music,01:29,https://lis.tn/MastigaAbelha,BR3T81600053,48vvqkWXZNPRQ4nil0kcij
6893543782394890242,Tierry,Hackearam-Me,Acertou na Mosca,2020-11-13,BELIEVE - WorkShow,02:14,https://lis.tn/HackearamMe,BRTJX2000001,5NeBu4oKweDXIjhvYqtbLo
6549202998130643983,Jemes Wong,Dance Together,Girl & Flower,2019-10-11,Record Audio Inc.,00:17,https://lis.tn/DanceTogether,,
6905620159784831750,Justin Timberlake,Mirrors,Mirrors,2013-03-13,RCA Records Label,03:38,https://lis.tn/NuTlqf,USRC11300246,6ToFxXRBtl5TJFEyIoYK3f
6831182738058414854,Soufian,Tharifacht,Thimgharin,2016-11-16,Disco Nador,00:43,https://lis.tn/Tharifacht,FR96X1698030,5eu8VOHhCX71rurmDEn2Wz
6784986105365137410,Johnnie Bailey,The Avatar's Love (From Avatar: The Last Airbender),The Avatar's Love (From Avatar: The Last Airbender),2020-01-28,Sunrise,00:13,https://lis.tn/WyyGH,,50mOVW6nC83vOeg1sSOlG8
6876312331098261518,Pascal Letoublon,Friendships,Friendships,2017-09-05,Suprafive Records,01:00,https://lis.tn/Friendships,GBKQU1777771,3S2XkZJH5P3AqYk8ChYsWB
223461705656451072,Jordin Sparks,No Air,No Air,2008-04-07,19 Recordings,01:04,https://lis.tn/NoAir,GBCTA0700277,1jUA4rb6ZCv4gby4YU53xq
6835837996332222466,Claire Rosinkranz,Backyard Boy,BeVerly Hills BoYfRiEnd,2020-06-08,2118550 Records DK2,00:14,https://lis.tn/BackyardBoy,QZHN62022495,04F42oEuKrRComYJfJuyVR
6781056220997389061,Los Rosario,Culiquitaca,Lo Mejor de los 80,2016-10-28,RSM,00:54,https://lis.tn/Culiquitaca,,
242110376648318976,Charlie Grönvall,I Believe I Can Fly,Idol 2016,2016-11-19,UMG - Universal Music AB,00:59,https://lis.tn/IBelieveICanFly,,1XfmLLFdDsCWWf0hgOiIjQ
6815355744783697922,Chiky Dee Jay,Astronomia,Astronomia,2020-04-12,ChikyDJ,00:14,https://lis.tn/kKnVXV,ART0G1808448,418g6nGSQtm4URxVXRnel0
6879538826151234310,DJ Maze,Conga,RnB Selexion,2013-04-08,Epic,00:12,https://lis.tn/QAxZyy,FR2T91300009,1tZVdWp57wUwHYOAwA1vRu
6745161928949106690,SAINt JHN,Roses,Roses (Imanbek Remix),2019-09-13,Godd Complexx / HITCO,01:01,https://lis.tn/Roses,RUB421901499,0zLCBJZSiELJf02ucPP9wb
6905063263097522945,Kevin MacLeod,Monkeys Spinning Monkeys,Music to Delight,2014-12-30,Incompetech,00:16,https://lis.tn/PhCwZ,USUAN1400011,02ZiP1bdAONIP5WTI2rxga
6893426418152196866,Julian Sotelo,Famous Sounds,Famous Sounds,2020-01-29,Julian Sotelo,00:23,https://lis.tn/FamousSounds,RUA1H2022584,7GNb8KA4ooZcUIrRd2xuRp
6840101190269668102,Daniel Powter,Bad Day,So Beautiful 1,2010-12-02,Warner Bros.,01:03,https://lis.tn/BadDay,USWB11002915,3LWADAoSsiKGWhMUSaOsWQ
6887601846752398086,Eduardo Luzquiños,Desperado Slowed (Remix),Slowed Reverb TikTok (Remix),2020-11-24,Eduardo Luzquiños,00:14,https://lis.tn/DesperadoSlowedRemix,,
6890903822047267585,Moca,Kippchen,Wroooooooooam,2018-01-19,MERLIN - ChinChin Records,01:11,https://lis.tn/Kippchen,DEDW91700795,5ltljdrLTQevyyiiixF0J8
6728018103864756998,MC-Seven-E,Watch Me,Watch Me,2018-04-14,Open Mind Records,00:12,https://lis.tn/wnSLHp,QM4DW1875240,5cZqHPbRfBlny9DCl4jGmN
6884574286980385538,Sam Wedgwood,On The Fence,Mutations,2020-01-06,Audio Network,00:28,https://lis.tn/OnTheFence,,
6791657617040082946,Pitbull,Get Ready,Libertad 548,2019-09-27,Mr. 305 Records,01:21,https://lis.tn/GetReady,USNPW1900336,0ftlxPXNSjPNEvEGbBnMa7
6874125430861974274,Eduardo Luzquiños and Speernorman,SoFtly / Killing Me Softly With His Song (TikTok Remix),SoFtly / Killing Me Softly With His Song (TikTok Remix),2020-10-12,Eduardo Luzquiños,01:25,https://lis.tn/sGHsJ,ART0G2003176,1RUZs8J5u9tgmVQ78Ok0Cd
6873842968499915525,SAINt JHN,Roses,Roses,2016-09-09,"Seventeen Five Records, Llc",01:20,https://lis.tn/vmDksv,TCACP1693236,3mRlFZHUyvJbPTlkzg4LyJ
6876215395951725317,The Black Eyed Peas,Pump It,SBS The World Game: The Soundtrack of World Football 2007,2007-01-01,Universal Music,02:50,https://lis.tn/PumpIt,USIR10500407,6btyEL6NwUa97Nex9cZFvo
6894066988063131649,Billie Eilish,Therefore I Am,Therefore I Am,2020-11-12,UMG - Darkroom/Interscope Records,00:39,https://lis.tn/ThereforeIAm,USUM72021500,54bFM56PmE4YLRnqpW6Tha
6828408020448315393,MC Teteu,Medley Equipe Mandelão,Medley Equipe Mandelão,2020-05-16,realdreamsgravadoraeeditora / 2Click,00:29,https://lis.tn/PnNWW,QZHZ32070942,2cuwZimsylSRftCCTyxEj8
6860578006663318277,Billie Eilish,bad guy (with Justin Bieber),bad guy (with Justin Bieber),2019-03-29,Darkroom/Interscope Records,02:00,https://lis.tn/OzASI,,2Fxmhks0bxGSBdJ92vM42m
6586947002464996102,LPTHERAPPER,Lmss,Lmss,2018-10-15,AK Noise,00:14,https://lis.tn/Lmss,,
6852801744125036545,Ander Huang & DJ Kuromi,F Boy,F Boy,2020-08-22,998168 Records DK,00:14,https://lis.tn/FBoy,QZHNC2078374,4GdbPZ01Th4xl7ban4uGaH
6866898243192654597,Gwen Stefani,Rich Girl,Love Angel Music Baby,2004-01-01,Digital Distribution Vanuatu,02:33,https://lis.tn/RichGirl,USIR10400846,2Y2q7PkD7lvuWr8YaZfWuv
6861023427084585733,Viva Lion!,Lola (A Song For),Bona Fide,2020-09-25,Primrose Music,00:13,https://lis.tn/LolaASongFor,IT7152027011,1ZH45aqvF92B9GM7PW2V2J
6894066988063131649,Billie Eilish,Therefore I Am,Therefore I Am,2020-11-12,UMG - Darkroom/Interscope Records,00:39,https://lis.tn/ThereforeIAm,USUM72021500,54bFM56PmE4YLRnqpW6Tha
6899533138922670850,Studio Killers,Jenny,Jenny,2013-05-03,WM Finland,00:43,https://lis.tn/Jenny,GBX2M1300001,4JLBDUYSaOMPYND0iWeSWQ
6789284521842837506,7eer,Coronavirus Check,7,2020-02-07,juicyFlail Records,00:15,https://lis.tn/CoronavirusCheck,,
6906649777354722050,Major Hans Friess,Ein Heller und ein Batzen,Wir singen und marschieren Beliebte Märsche und Soldatenlieder,2011-06-02,JPF Records,00:54,https://lis.tn/WXOBH,USHM21106726,
6846350173593996037,Jake & Zac,Upside Down,Upside Down,2020-08-04,Jake & Zac,00:14,https://lis.tn/SYtdqU,,
6901784069365975809,DJ Miskin,Me Voy A Matar Wi Wi Wi,Pernah Viral,2021-01-13,HAMUSIK,00:07,https://lis.tn/MeVoyAMatarWiWiWi,,
6878796914276813569,Cardi B,WAP (feat. Megan Thee Stallion) [Wet Wet],WAP (feat. Megan Thee Stallion) [Wet Wet],2020-08-06,Atlantic Records,02:43,https://lis.tn/BlCGt,,
6752513449697216514,Barrymoore Chamber Orchestra,"Eine Kleine Nachtmusik, Serenade in G Major, K. 525: I. Allegro",Vivaldi: The Four Seasons,2014-03-04,Barrymoore Chamber Orchestra,01:17,https://lis.tn/rXZjN,USCGJ1421102,4oQRNhRW4TWij9w11KbVib
6886860379650099970,Flo Rida,"I Don't Like It, I Love It (feat. Robin Thicke & Verdine White)",MY HOUSE,2015-04-07,Poe Boy/Atlantic,00:11,https://lis.tn/SazwE,,2S5LNtRVRPbXk01yRQ14sZ
6826681667696986114,Pr. Lucas,Marcas da Vida,Pintor do Mundo,2017-07-07,MK Music,03:48,https://lis.tn/MarcasDaVida,BRMKP1700454,6XKWR1BFBavRHDVNfA286z
6893536758995159810,Krish,En Frienda Pola,Nanban (Original Motion Picture Soundtrack),2011-12-23,Alpha Digitech,00:31,https://lis.tn/EnFriendaPola,,1TgVIOdcdsPx1sXyVE6aDz
6753560527907212038,Pop Smoke,Dior,Meet The Woo,2019-07-26,Victor Victor Worldwide/Republic Records,00:23,https://lis.tn/Dior,USUM71914275,79s5XnCN4TJKTVMSmOx8Ep
6799585653702019073,Domknowz,Lofi,Its a Lofi,2020-02-28,Higher Plug,00:13,https://lis.tn/TAnTtN,QZFZ42089472,6sAn8zDfv8nIq3gdce7QNI
6902294653421259521,Djsuraj,Awara Hoon,Awara Hoon,2020-09-05,wavy gravy sounds,00:13,https://lis.tn/AwaraHoon,QZK6J2035887,6Yn4SN9wNitadrrVoqA4Wc
6895756280595155713,Jeven Reliford,Meet Me,Meet Me,2020-11-06,WMG - Atlantic Records,01:11,https://lis.tn/ExbNlt,USAT22007151,
6771640057083201538,Various Artists,my life be like,最新热歌慢摇106,2007-08-28,Gotee Records,00:14,https://lis.tn/MyLifeBeLike,,2cGJxXXIBrxMhk2fWUJTLs
6905408674143963906,Paul Lang,"Mariage D'amour (From ""mariage D'amour"") (Piano Version)",101 Best Movie Soundtracks Essentials,2019-06-24,24music,00:18,https://lis.tn/cCuNa,,
6870949916466842374,Wale;Rotimi,In My Bed,The Beauty of Becoming,2019-12-13,FrontRo Music Group LLC / EMPIRE,00:22,https://lis.tn/InMyBed,,5rey8bobg1jXF16L0UbriM
6897857954524023553,Aslı Demirer,Korkak (feat. Gökhan Türkmen),Korkak (feat. Gökhan Türkmen),2015-11-20,GTR Müzik,02:59,https://lis.tn/fyOPo,TRASC1500007,6CCL22qA0ZfnesFbMLL6rR
6904236597177289474,Makarel;The Great One,Only Fly Shit (feat. Makarel),Cold Soul,2019-11-29,The James Gang Inc,00:18,https://lis.tn/mgQHj,,3aWHcTOlkodUdXOSScFgpv
57419989,Aly & AJ,Potential Breakup Song,Insomniatic,2007-10-22,Charisma,00:26,https://lis.tn/PotentialBreakupSong,USHR10723111,11dxtPJKR4E0wlSr0A0t47
6894700385911442178,The Joy Formidable,Silent Treatment (William Orbit Mix),Silent Treatment EP,2013-07-09,WMG - Canvasback/ATL,03:24,https://lis.tn/Aqdaz,USAT21301301,3fHjTVSueRH1kPWUchnCD3
6871569185521076998,YUNG KAMI,Vento Aureo,Kami Kollection,2020-06-17,2146494 Records DK2,02:16,https://lis.tn/VentoAureo,QZHN72059715,2USkL8YZ0OXTvHgAE0IPx2
6896943358292691713,Whigfield,Saturday Night,Die Hit-Giganten - Best of 90's,1994-09-19,X-Energy,00:32,https://lis.tn/kgFAwE,IT00D9400208,3M1q2Wy2dAKiWV6oE6Koou
6870935941314267910,The Scene,Who Says,For You,2014-11-24,Hollywood Records,00:07,https://lis.tn/WhoSays,USHR11132695,3TcL0dyCMyr0kyTTc4NLgI
6757872491160406017,Classics Reborn,Teach Me How To Dougie,Teach Me How To Dougie,2011-05-10,Classics Reborn,00:11,https://lis.tn/WDvaSw,USUYG1007090,5cGwZfIKkKXsiAdygsTj6o
6756394183415564289,XXXTENTACION,Jocelyn Flores,17,2017-08-25,Bad Vibes Forever / EMPIRE,00:14,https://lis.tn/JocelynFlores,USUYG1156892,7m9OqQk4RVRkw9JJdeAw96
6586489652960463622,Michael Jackson,Smooth Criminal (Radio Edit),Michael Jackson: The Ultimate Collection,2004-11-22,Epic/Legacy,01:07,https://lis.tn/lqCRz,USSM19909073,2GVYPY8Sv7U7cJkDFu3Ft1
6874698636220058370,Trap Calin,La Calin (feat. Trap City) [Ambroski],La Calin,2019-07-23,Abeerov,00:10,https://lis.tn/Ichjn,USDHM1913099,
6722767980117101317,The Funny,Risa contagiosa (comedia),Risa Contagiosa (COMEDY),2020-08-07,Trevol Music,00:14,https://lis.tn/gZMzL,,
6878032658203413254,Olivia Newton-John,Hopelessly Devoted To You,Grease,1998-01-01,Universal Music,02:31,https://lis.tn/uNRds,NLF057890003,5BUq9bdtsm3LWw5laJeJ4R
6901819731691588353,CJ,Whoopty,Whoopty,2020-07-28,823487 Records DK2,00:14,https://lis.tn/Whoopty,,
6887373709863045894,Charlie Apollo,"Dice Roll Walk (feat. Jayvoe Davinci, Jonas Valli & Tezzo Davinci) (Remix)","Dice Roll Walk (feat. Jayvoe Davinci, Jonas Valli & Tezzo Davinci)",2020-12-04,2604530 Records DK,00:10,https://lis.tn/zuvSq,QZFZ32112423,56ieTvOSLghZ2h06Y2tyih
6821124721061481222,Fusionman,TikTok 2020 Dance Trends Music,TikTok 2020 Dance Trends Music,2020-12-06,fusionman.prod,04:58,https://lis.tn/fPhJM,QZNWY2018140,5kW74popKP1YUkpqcKWIG2
6880958430304144129,Ankit Tiwari,Ishq Mubarak,Tum Bin 2,,Bollywood Series,04:05,https://lis.tn/IshqMubarak,,
6568746626930871041,Dua Lipa,Blow Your Mind (Mwah),Blow Your Mind (Mwah),2016-08-26,Warner Bros.,02:42,https://lis.tn/BlowYourMindMwah,GBAHT1600302,4C3tERxkeWu2FQ1N9tqc2o
6871373024650693377,THC Positive,Mobbin',Mobbin',2020-09-30,1791055 Records DK,00:29,https://lis.tn/Mobbin,,
6830970891480926981,Slater,20 Min,20 Min,2019-02-23,Fantasy Culture,00:25,https://lis.tn/20Min,,
6865054076908915462,Cardi B,WAP,"Bravo Hits, Vol. 111",2020-10-02,SME - Sony Music Media,01:08,https://lis.tn/yEKVI,USAT22005111,4Oun2ylbjFKMPTiaSbbCih
6855388213683522309,Micky Pagnano,La vie en rose,The Romantic Guitar,2012-02-17,BELIEVE - Cdvd,01:56,https://lis.tn/irnjxY,FR6V81237577,1fkpwo84utapZYrMlUscy8
6877093669879548673,Fusionman,TikTok 2020 Dance Trends Music,TikTok 2020 Dance Trends Music,2020-12-06,fusionman.prod,04:29,https://lis.tn/fPhJM,QZNWY2018140,5kW74popKP1YUkpqcKWIG2
6882559244139252481,nisqant rmx,Deep End,Deep End,2020-10-01,nisqant rmx,01:03,https://lis.tn/FMFwJc,,
6894066988063131649,Billie Eilish,Therefore I Am,Therefore I Am,2020-11-12,UMG - Darkroom/Interscope Records,00:39,https://lis.tn/ThereforeIAm,USUM72021500,54bFM56PmE4YLRnqpW6Tha
6891400181078559490,A.C.T.,I Really Like You,I Really Like You,2015-06-05,Matchcode Records,00:43,https://lis.tn/IReallyLikeYou,,1fBSAAH02tzHadsS3VVG0m
6895388318712826625,Mitis,The Opening,Open Window,2013-07-02,INTO THE AM Records,00:07,https://lis.tn/TheOpening,CA5KR1038468,0QCicKbpYg1ZwLirI3AQBJ
6803137515504159493,Lil Uzi Vert,That Way,That Way,2020-03-01,Generation Now/Atlantic,01:53,https://lis.tn/ThatWay,USAT22001201,5raTDhlbxFDnpn89bxArdH
6883981933215369989,Ying Yang Twins,Say I Yi Yi,Crunk'd - Mixed & Hosted By Greg Street,2004-05-25,MERLIN - eOne Music,03:10,https://lis.tn/SayIYiYi,USKO10201222,4WQK8xxsBUt0U3yFQORiPS
6728860413338847233,Technotronic,Pump Up The Jam,Dance Classics - Best Of vol. 5,2011-01-01,Universal Music B.V.,00:13,https://lis.tn/TdBZTf,,
6854221921395985157,Jason Derulo,Co単o,Co単o,2020-07-03,WMG - Spinnin' Records (Distribution),00:13,https://lis.tn/kbiaSl,NLZ542001080,5DV4ZSCqbFv74ui3ZhimXo
6781555808627853314,Apollo Fresh,JoJo Pose,JoJo Pose,2020-01-13,WAVlengths,00:26,https://lis.tn/JoJoPose,QZFYX2061219,4dPVmeisPfQrLcjx0Wz1KW
6898452410411698950,The New Fools,Bring the Funk Back,Too Busy,2016-11-04,Epidemic Sound,00:16,https://lis.tn/BringTheFunkBack,SE5Q51811970,4JClXbBN4d7gFlkgJiOaFx
6854654862202784517,Fousheé,Deep End,Deep End,2020-07-31,SME - Not specified,00:57,https://lis.tn/FjWigu,USRC12002568,6HlE9t71z9DjGi7KqSyEpA
6759597477520739073,SALIM-SULAIMAN,TUJH MEIN RAB DIKHTA HAI - FLUTE VERSION (INSTRUMENTAL),Soulful Melodies - Flute Version Instrumental,2019-01-12,SEVEN COLORS DIGITAL SDN BHD,00:30,https://lis.tn/wakhO,INY091800029,3GkYAqLwnqMek9Wv1k4qUV
6799185203035113474,Almeria FanChants,Corona,AlmerÃ­a Fans: Canticos De La Grada V I (Canciones del U.D. AlmerÃ­a),2016-06-13,FanChants,00:09,https://lis.tn/Corona,,
6877671671927425798,Xirali-3,Hometown,Morsmordre,2021-01-30,"BELIEVE - Dance House（KH Co., Ltd.）",00:14,https://lis.tn/tQCwVV,,
6777624196089399297,The Avains,Finish Line (Original Mix),Finish Line (Radio Edit),2019-06-03,MERLIN - TAR#138,05:02,https://lis.tn/pBPGl,,6dd0aU6fSb1NApeLPie3fw
6895797388917705474,Maluma,Carnaval,Carnaval,2014-06-25,Columbia,00:16,https://lis.tn/IdvsAy,COSO11400286,1VG7hlZpY73n8h8NgidVTh
6876136131637807105,Travis Scott,FRANCHISE,FRANCHISE,2020-09-25,SME - Cactus Jack / Epic,00:35,https://lis.tn/FRANCHISE,USSM12004756,4jVBIpuOiMj1crqd8LoCrJ
6526265111647097871,Krayzie Bone,Ridin' dirty (feat. Chamillionaire),Everybody Wants a Thug,2010-07-22,Universal Music Ireland Ltd.,00:25,https://lis.tn/SduBz,,
6674228190141188869,Benny Benassi,Satisfaction,Satisfaction,2002-01-01,Universal Music,00:52,https://lis.tn/SREkYF,,1n7omixiROWs5q6xpWiQuL
6704946914174961665,Bazzi,Fantasy,COSMIC,2018-04-12,iamcosmic,01:14,https://lis.tn/fKjELa,USAT21801529,1i36kkhmhBxf4lYJscg5zK
6842250090443196417,Jyxo,NO NO NO,NO NO NO,2020-05-21,Terah Records,00:13,https://lis.tn/NONONO,QZHN32046415,4BCrxFYwW6EGxVOeBdPTuc
211190192895123456,Kendrick Lamar,Alright,To Pimp A Butterfly,2015-03-16,Top Dawg Entertainment / Aftermath Records / Interscope Records,00:17,https://lis.tn/Alright,USUM71502498,3iVcZ5G6tvkXZkZKlMpIUs
6883802744193387265,NP HEAVEN,The Style Weekend (Remix),The Style Weekend (Remix),2020-11-28,NP HEAVEN,00:57,https://lis.tn/TheStyleWeekendRemix,,
6515231601595517698,Trap City,Believer,"Trap All Time, Vol. 2",2018-02-21,Trap City,00:15,https://lis.tn/pTiPgZ,,
6816334765722241798,Pixies,Where Is My Mind? (Remastered),Surfer Rosa & Come On Pilgrim,1998-04-30,4AD,00:25,https://lis.tn/sqLpL,GBAFL0700145,7wCmS9TTVUcIhRalDYFgPy
6827725905725573890,Team Wlad el Balad,مهرجان ادينى الولا محسن,mhrgan edeeny alwla mo7sen,2016-10-30,MERLIN - Takwene,03:24,https://lis.tn/ZlQZp,,6RFZz32N4LrFqqPZZVIlPp
6878720004238412545,Serhat Durmus,La Câlin,La Câlin,2017-04-10,Derin Müzik,00:28,https://lis.tn/LaC%C3%A2lin,TCADI1715361,2nLeVfLE8t3hzHhXkZ6Ez2
6671091943436454658,Aaron Smith,Dancin (feat. Luvli),Moody Ibiza 2017,2017-08-09,Moody Recordings,01:18,https://lis.tn/DancinFeat.Luvli,,
6886040556707776514,Edy Lemond;DJ Guuga;DJ Lucas Beat,Oh My God,Oh My God,2020-10-13,Edy Lemond,00:14,https://lis.tn/seJxeM,,0lxmZ4evzbuphwYIj8Kqr0
6888098764448335873,Nobru Free Fire,Funk do Nobru Apelão,Funk do Nobru Apelão,2020-10-27,Nobru,00:14,https://lis.tn/FunkDoNobruApel%C3%A3o,QZMHM2033226,45E0McrFktCK8oRB71g3UC
6889712391060196097,Rochak,"Tu Hi Yaar Mera (From ""Pati Patni Aur Woh"")","Tu Hi Yaar Mera (From ""Pati Patni Aur Woh"")",2019-12-02,T-Series,02:02,https://lis.tn/xMurB,INS181905683,57jOEZtoLQK4zF2x55bdkp
6823538398192503557,Bobby Shmurda,Hot Nigga Freestyle,Hot Nigga Freestyle,2014-09-19,Epic/GS9,00:26,https://lis.tn/HotNiggaFreestyle,,
6895372307825707778,Adam Counts,Jingle Bell Rock,Spirit,2016-12-04,Astronaut Music,00:08,https://lis.tn/INCNzM,,
6894307737409161986,Bruno Mars,Just The Way You Are,2011 Hit Fm 年度百首单曲,2010-07-20,Elektra (NEK),00:55,https://lis.tn/JustTheWayYouAre,USAT21001269,7BqBn9nzAq8spo5e7cZ0dJ
6891693190080973570,Charli XCX,Break The Rules,Break The Rules,2014-08-19,Atlantic Records UK,00:52,https://lis.tn/BreakTheRules,GBAHS1400287,38tKqQuqodiUYOsw6HWyeQ
6891747918089456386,Kamillion,Twerk 4 Me,Twerk 4 Me,2018-11-26,RBW ENT,00:41,https://lis.tn/Twerk4Me,,
6874125430861974274,Eduardo Luzquiños and Speernorman,SoFtly / Killing Me Softly With His Song (TikTok Remix),SoFtly / Killing Me Softly With His Song (TikTok Remix),2020-10-12,Eduardo Luzquiños,01:25,https://lis.tn/sGHsJ,ART0G2003176,1RUZs8J5u9tgmVQ78Ok0Cd
222935032276119552,James Arthur,Train Wreck,Back from the Edge,2016-10-28,Columbia,01:02,https://lis.tn/TrainWreck,DEE861600590,55Am8neGJkdj2ADaM3aw5H
6762092669565963014,2010-2019,Decade,Decade,2019-12-28,2010-2019,00:14,https://lis.tn/AJvqKX,,
250835551346647040,Run - D.M.C.,It's Tricky,Can't Hardly Wait,1998-05-26,Elektra Records,00:14,https://lis.tn/ItsTricky,USEE10900657,5X0VAhIXRbcnKnZi1k9orw
6898022631912966913,Armin van Buuren,This Is What It Feels Like,The Playlist - EDM,2013-11-22,Armada Music Bundles,01:00,https://lis.tn/lQRWI,,
6617541532335475461,Gambino Mmc,Pumped Up Kicks,Opp Season,2018-08-16,#NoSellOut Records,01:16,https://lis.tn/JsydYQ,,
318636771406123008,DJhash,Rap God (remix),Rap God Remix,2018-06-04,DJHash,03:47,https://lis.tn/RapGodRemix,,
6727235286159360005,5 Seconds of Summer,Teeth,13 Reasons Why,2019-08-23,Universal Music,01:02,https://lis.tn/Teeth,USUG11902528,26wLOs3ZuHJa2Ihhx6QIE6
6851502591084399361,Masterd,Huga Denek,Huga Denek,2020-06-18,860580 Records DK,00:36,https://lis.tn/HugaDenek,QZHN72076956,5P4PqlhRVGfJjbHvnw00jh
6823159626767305477,Savage,Swing,Evolution: Past - Present - Future,2008-12-31,Frequency,00:14,https://lis.tn/Swing,NZDR00400002,31hGVTn7MpHC9vovXIVWfm
6886946637650855938,Ariana Grande,positions,positions,2020-10-23,UMG - Republic Records,01:02,https://lis.tn/Positions,USUM72019412,35mvY5S1H3J2QZyna3TFe0
6875948196669949954,Mc Pr;DJ BL;DJ GH7,Soldado Perigoso,Soldado Perigoso,2020-10-21,Master Gold,00:29,https://lis.tn/SoldadoPerigoso,,2uAcF0b6gpfbwHAXVfNEsp
6880134915703196418,None Before,Kane Live,Undisputed (WWE Themes Soundtrack),2020-12-11,U.P Entertainment LLC,00:18,https://lis.tn/KaneLive,QZNWW2008038,5QIVXWwwUuhh9AZr1NZa5A
6808647789753419778,L.Dre,Dear Katara,Dear Katara,2020-03-27,Fully Furnished Records,00:26,https://lis.tn/DearKatara,QZDA42028108,0VAgzneFHrIPkQrMwXtplS
6739955553079954181,northwx,Green3yes,Green3yes,2019-10-23,Independent,00:15,https://lis.tn/Green3yes,QMEZE1989960,2AFvutq6Tkeo139ej43KWA
6790134598555666434,RCJIANG,Rampage (Rcjiang Remix),Rampage (Rcjiang Remix),2019-04-30,Pillz Records,00:46,https://lis.tn/RampageRcjiangRemix,FR2X41960996,5XgbhzoMgO1yeGvfDMsAh2
6884287241825307393,Kamillion,Twerk 4 Me,Twerk 4 Me,2018-11-26,RBW ENT,00:41,https://lis.tn/Twerk4Me,,
6878770544225929990,Miley Cyrus,Heart Of Glass (Live from the iHeart Music Festival),Heart Of Glass (Live from the iHeart Music Festival),2020-10-01,SME - RCA Records Label,01:03,https://lis.tn/RhXGs,USRC12003345,5i7ThJfYLAzp2DyZuFpF6j
6887458965629979394,Jah Khalib,Leyla (feat. Makvin),Esli Chjo Ja Bakha,2016-10-14,SBA Production,01:35,https://lis.tn/LeylaFeatMakvin,,1W6IsPCHjrnHE3UBM2LdlD
57419989,Aly & AJ,Potential Breakup Song,Insomniatic,2007-10-22,Charisma,00:26,https://lis.tn/PotentialBreakupSong,USHR10723111,11dxtPJKR4E0wlSr0A0t47
6809253705544632321,Stellar,Ashes,Ashes,2020-05-03,Greater Boston Records,00:17,https://lis.tn/bBUtSH,QZDA52012875,3Pj6u2KTgepyyidp5xfbHp
6891908741625711361,Vlad-Reh,Aromat Ljubvi (Original Mix),Aromat Ljubvi (Original Mix),2020-04-09,MERLIN - Atomrise Sounds,02:33,https://lis.tn/MkxjP,,5gowDLqbFG62R765tYpDbc
6897857954524023553,Aslı Demirer,Korkak (feat. Gökhan Türkmen),Korkak (feat. Gökhan Türkmen),2015-11-20,GTR Müzik,02:59,https://lis.tn/fyOPo,TRASC1500007,6CCL22qA0ZfnesFbMLL6rR
6526163409199698959,Balti,Ya LIII (feat. Hamouda),Ya LIII (feat. Hamouda),2017-10-29,BALTI,00:18,https://lis.tn/YaLIIIFeatHamouda,,
6883165746361273093,Lil Expired Lettuce,Rebel,Rebel,2020-05-28,Flex Entertainment,00:07,https://lis.tn/DvmPAD,QZL382050304,4ThlyjZmL8JwDdKJmnlaAz
6821024499782159110,Райм,Симпа,Симпа,2019-01-19,DDRECORDS,00:14,https://lis.tn/%D0%A1%D0%B8%D0%BC%D0%BF%D0%B0,TCAEB1912366,1g0FqLiQzrOPwNhNSAICk8
6762041449769863941,PhoMeme,Anaconda Tik Tok,Anaconda Tik Tok,2019-12-11,1617331 Records DK,00:18,https://lis.tn/AnacondaTikTok,,
6908311923339840257,Matthew Wilder,Break My Stride,I Don't Speak The Language,2010-03-19,Legacy Recordings,02:43,https://lis.tn/AmIdmf,USSM18300576,1mCsF9Tw4AkIZOjvZbZZdT
6899056707579005698,Tharindu Bandara,Irthuwak Wee Nam Man,Irthuwak Wee Nam Man,2020-12-21,TB Recordz,00:39,https://lis.tn/IrthuwakWeeNamMan,INU252002132,3AYPy8xrXFeHkqoz2uiC9a
6903240171156753153,Saaff,Neckless,Neckless,2020-12-04,WMG - NAMAM,02:40,https://lis.tn/Neckless,NL3GQ2000064,7FRl5RHaLNpgDZATpXN5DP
6883331331942599430,Avicii,Hey Brother,The Workout Mix - Beach Fit,2016-01-01,(C) 2015 Universal Music Ltd.,03:14,https://lis.tn/VhvyEP,CH3131340084,4lhqb6JvbHId48OUJGwymk
6881287666340481026,Sigurd Barrett,Pilfingerdansen,Børnesange Fra Sigurds Bjørnetime – Børnemusik Med Sigurd Barrett,2020-07-03,UMG - a MusiCat Kids Release / DR,00:33,https://lis.tn/Pilfingerdansen,DKBKA0201518,1nM60x7ZOBAVVe3ipKxD8b
6894066988063131649,Billie Eilish,Therefore I Am,Therefore I Am,2020-11-12,UMG - Darkroom/Interscope Records,00:39,https://lis.tn/ThereforeIAm,USUM72021500,54bFM56PmE4YLRnqpW6Tha
6887199871040768774,KAROL G,BICHOTA,BICHOTA,2020-10-23,UMLE - Latino,01:50,https://lis.tn/BICHOTA,USUM72019324,7vrJn5hDSXRmdXoR30KgF1
6889771458080344833,Arijit Singh,Khairiyat (Happy),Chhichhore,2019-08-31,T-Series,02:26,https://lis.tn/KhairiyatHappy,INS181904667,3oM90C4SZLYzVZJEZD5EQk
6867621840609609730,Lele Pons,Se Te Nota,Se Te Nota,2020-09-02,UMG - Shots Studios & Music/10:22pm/Interscope Records,01:28,https://lis.tn/ZpiiGB,USUM72016220,11EnQRgRMJwMAesfkB5pnu
6759641455448295425,Sundre,All At Once (None),Music Never Dies,2020-12-20,LunaMoon,00:12,https://lis.tn/AllAtOnceNone,,6C05MFARBPerslSMysafyH
6870949916466842374,Wale;Rotimi,In My Bed,The Beauty of Becoming,2019-12-13,FrontRo Music Group LLC / EMPIRE,00:22,https://lis.tn/InMyBed,,5rey8bobg1jXF16L0UbriM
6877219795394185986,Ricky Desktop,"The Banjo Beat, Pt. 1","The Banjo Beat, Pt. 1",2020-08-21,Affiliate Records,00:13,https://lis.tn/TheBanjoBeat%2CPt1,QZK6L2004258,5O0JIw4YvvTdKlN9l69JFQ
6741334392829937665,Chester Young and Castion,PYRO,PYRO,2019-10-07,Darklight Recordings,01:59,https://lis.tn/bVKpAp,NLG3N1900048,3aDhgouoRk6awklXL4QBGQ
6841762900365839109,Eric Prydz,Call On Me,Party Top 100,2017-01-19,+ Mas Label,00:32,https://lis.tn/CpLRgy,,
6886291434450717446,Tai Verdes,Stuck In The Middle,Stuck In The Middle,2020-05-29,SME - Arista Records,00:21,https://lis.tn/StuckInTheMiddle,QZHN52001856,4y3BUo2hp0MxylfbUaqRyJ
250516688658493440,Akon,Lonely,Essential 5,2007-06-22,Digital Distribution Latvia,01:19,https://lis.tn/qTPIUz,USUR10400235,5QnM8r0kqFdM84k18aFE2V
6818434886832065286,Ace Kush,Nigga We Made It,From da Dirty,2015-09-28,Loud Pack Music Group,01:02,https://lis.tn/NiggaWeMadeIt,,
6769046027488987137,Trapaholics,Feel the Groove,"Feel Good Pop, Vol. 2",2018-06-22,Earmotion Audio Creation,00:14,https://lis.tn/FeelTheGroove,DEUF81806613,0mkMPe70ipo1UVg8n4Yub1
6620711949535562502,DJ Dmonio,Minions Papaya (Prrr ahahah),Minions Papaya (Prrr ahahah),2020-10-23,BFM Music,02:26,https://lis.tn/VofaI,,17ur9aFRVFCSDqL7ronaUJ
6889106539748051717,LPTHERAPPER,Lmss,Lmss,2018-10-15,AK Noise,00:21,https://lis.tn/Lmss,,
6819255229129689090,Forest Rangers Ohio,Mother Jane Is in Love With the Postman,Mother Jane Is in Love With the Postman,2020-10-24,Zedd Records,02:52,https://lis.tn/DREav,,
6751489203890129670,Hot Chelle Rae,Tonight Tonight,Tonight Tonight,2011-01-27,RCA Records Label,01:01,https://lis.tn/TonightTonight,USJI11100019,2i0AUcEnsDm3dsqLrFWUCq
6889162570486401793,Ikson,Outside,Outside,2018-04-11,ikson,00:18,https://lis.tn/pUNBMx,SE5BU1812071,5bIDFDK7x9p0RexVYJwwWp
6859762562196704005,CHROMANCE,Wrap Me In Plastic (Slowed Down Version),Wrap Me In Plastic,2020-10-30,SME - b1,01:35,https://lis.tn/bfXhw,DEE862002604,74PdooqFwI8VhklmayQ7dz
6883297755284949765,The Black Eyed Peas,Where Is The Love?,R&B Collaborations 2007,2007-01-01,Universal Music Group International,00:19,https://lis.tn/WhereIsTheLove%3F,USIR10311862,3CNqo3gYrfexdrtjFmC9he
6884331673173969670,Popp Hunna,Adderall,Adderall,2020-10-15,Jay Rebel Music,00:14,https://lis.tn/Adderall,USA2P2036916,3aAmQOxRPeKDL0HMWFA5qn
6899707213750127366,Lit Crew,Ride or Die,Fake It Till You Make It,2020-11-05,2526704 Records DK,00:48,https://lis.tn/oWwarC,,6MALNvo4SFWFDD31YmocRi
6832317168437200897,Famke Louise,Emotieloos,Emotieloos,2020-06-05,SME - TRIFECTA,01:02,https://lis.tn/Emotieloos,NLV6L2000065,71PE2g1aYQeUMlNNCpjfTs
6897643703708551937,Allen Mock,Tectonic,Tectonic,2020-01-28,Allen Mock/Herbalistek,01:23,https://lis.tn/Tectonic,QZFYY2046651,2bMzrIFNvNX7FzKJdH3SgP
6853843059344493318,STARSITA,Popo,Ladys Woman,2018-02-18,,00:18,https://lis.tn/Popo,,
6886946637650855938,Ariana Grande,positions,positions,2020-10-23,UMG - Republic Records,01:02,https://lis.tn/Positions,USUM72019412,35mvY5S1H3J2QZyna3TFe0
6864710964047121157,JVKE,Upside Down (feat. Charlie Puth),Upside Down (feat. Charlie Puth),2020-10-30,WMG - Atlantic Records,01:28,https://lis.tn/ClTLX,USAT22007059,4nZhS4vsnO50wnSyMJraBj
6805212549203004166,Enur,Calabria 2009 - Bonus Track,Just Dance (Exclusive Edition),2009-01-01,(C) 2009 The Island Def Jam Music Group,00:26,https://lis.tn/vnocc,USUS10710719,4H4dsYuXGmZz2tVvgT6xGK
6901452948304366337,Fousheé,Deep End,Deep End,2020-07-31,SME - Not specified,00:59,https://lis.tn/FjWigu,USRC12002568,6HlE9t71z9DjGi7KqSyEpA
6880718857137294082,BigDoggy,Muthu Muthu (feat. Master D),Sthuthi,2020-09-16,Death Crow Records,00:23,https://lis.tn/IrWTl,QZK6H2083069,3kMxJ2rfj8i5Y4BRCbl60K
6648750447039351557,Tech N9ne,Red Kingdom,Red Kingdom,2019-09-11,"Strange Music, Inc",00:27,https://lis.tn/RedKingdom,USZHR1800401,5buj0D6E7rCRFi3xV9STYo
6852801744125036545,Ander Huang & DJ Kuromi,F Boy,F Boy,2020-08-22,998168 Records DK,00:14,https://lis.tn/FBoy,QZHNC2078374,4GdbPZ01Th4xl7ban4uGaH
6670768303755053829,Dean Lewis,Be Alright,Be Alright,2018-06-29,Universal Music Australia Pty. Ltd.,01:13,https://lis.tn/HKXtJZ,AUUM71800255,3EPXxR3ImUwfayaurPi3cm
6847138732563352321,Gloomy,"Mama Matama (feat. Dr.Bsking, Dinuwa & Minnyme)","Mama Matama (feat. Dr.Bsking, Dinuwa & Minnyme)",2020-06-28,Rapunist,02:52,https://lis.tn/UlptV,QZHNB2041217,3l2sNRnmXNxl0dp1RDAXh6
6870957731793111809,Niack,Colocada Forte (Remix),Colocada Forte (Remix),2020-07-07,Niack,00:33,https://lis.tn/ColocadaForteRemix,BCRIX2000017,7vDq5ByqDnFYZT0XGyTmrp
6877999686360369922,MC Talibã,Um Sabadão Desse Uma Lua Dessa,Um Sabadão Desse Uma Lua Dessa,2020-06-23,FW MUSIC,00:29,https://lis.tn/dwkvq,BXFWU2000004,3KfyRuNdcCGsZb15sqrXDA
6709414534638995458,Braski Karim,Ufc,Мой пьедестал - вершина!,2019-04-30,Rap Square,02:14,https://lis.tn/Ufc,FR2X41950799,4ymbsI6ewEnnDQ8whUwtu1
6778968637492430849,Heinz Kiessling,Blue Blood,It's Always Sunny In Philadelphia (Music from the Original FX Series),2010-09-01,Extreme Music Ltd.,00:20,https://lis.tn/BlueBlood,TCAAR1013615,35I3b4Bw68tame6y1scmKX
6863597205572290561,Ricky Desktop,"The Banjo Beat, Pt. 1","The Banjo Beat, Pt. 1",2020-08-21,Affiliate Records,00:14,https://lis.tn/TheBanjoBeat%2CPt1,QZK6L2004258,5O0JIw4YvvTdKlN9l69JFQ
6886361499149863681,Imagine Dragons,Believer,Believer,2017-01-31,Universal Music,00:21,https://lis.tn/Believer,USUM71700626,0pqnGHJpmpxLKifKRmU6WP
6790815244194154497,ZAYN;SHAED,Trampoline,Trampoline,2019-09-26,Photo Finish Records,01:03,https://lis.tn/Trampoline,QZ47A1900210,1iQDltZqI7BXnHrFy4Qo1k
6799263951659404038,Matthew Wilder,Break My Stride,I Don't Speak The Language,2010-03-19,Legacy Recordings,00:41,https://lis.tn/AmIdmf,USSM18300576,1mCsF9Tw4AkIZOjvZbZZdT
6815912399766293254,Master KG,Jerusalema (feat. Nomcebo Zikode) [Edit],Jerusalema (feat. Nomcebo Zikode) [Edit],2020-07-10,WMG - Elektra France,00:28,https://lis.tn/XICfg,ZA82Y2000076,2R7gA9dAHTjASKU0wiTJok
6895767577474123777,Kina,Tell Me About You,Tell Me About You,2020-11-20,SME - Columbia,00:24,https://lis.tn/TellMeAboutYou,USSM12006058,1haZCYSR61JHOAivPNOuQH
6829505139569608705,Lady Gaga,Rain On Me (with Ariana Grande),Rain On Me (with Ariana Grande),2020-05-22,Interscope Records,02:34,https://lis.tn/EVcBk,,24ySl2hOPGCDcxBxFIqWBu
6836709783203105541,Variance,Inborn,Monodream,2015-10-28,Breakdown Records,00:46,https://lis.tn/Inborn,FR2X41510836,2bOJMyCUHttZPUqM6zYO9o
57419989,Aly & AJ,Potential Breakup Song,Insomniatic,2007-10-22,Charisma,00:26,https://lis.tn/PotentialBreakupSong,USHR10723111,11dxtPJKR4E0wlSr0A0t47
